"D:/KuroProject/AutoTest/KuroTask_AutoTest/Content/Mannequin/Character/Mesh/UE4_Mannequin_Skeleton.uasset" 0
"D:/KuroProject/AutoTest/KuroTask_AutoTest/Content/Mannequin/Character/Mesh/UE4_Mannequin_Skeleton.uexp" 1
"D:/KuroProject/AutoTest/KuroTask_AutoTest/Content/Mannequin/Animations/ThirdPersonJump_End.uasset" 2
"D:/KuroProject/AutoTest/KuroTask_AutoTest/Content/Mannequin/Animations/ThirdPersonJump_End.uexp" 3
"D:/KuroProject/AutoTest/KuroTask_AutoTest/Content/Mannequin/Character/Mesh/SK_Mannequin_Female_PhysicsAsset.uasset" 4
"D:/KuroProject/AutoTest/KuroTask_AutoTest/Content/Mannequin/Character/Mesh/SK_Mannequin_Female_PhysicsAsset.uexp" 5
"D:/KuroProject/AutoTest/KuroTask_AutoTest/Content/Mannequin/Character/Textures/T_UE4Logo_N.uasset" 6
"D:/KuroProject/AutoTest/KuroTask_AutoTest/Content/Mannequin/Character/Textures/T_UE4Logo_N.uexp" 7
"D:/KuroProject/AutoTest/KuroTask_AutoTest/Content/Mannequin/Character/Textures/T_UE4Logo_N.ubulk" 8
"D:/KuroProject/AutoTest/KuroTask_AutoTest/Content/Mannequin/Character/Textures/T_UE4Logo_Mask.uasset" 9
"D:/KuroProject/AutoTest/KuroTask_AutoTest/Content/Mannequin/Character/Textures/T_UE4Logo_Mask.uexp" 10
"D:/KuroProject/AutoTest/KuroTask_AutoTest/Content/Mannequin/Character/Textures/T_UE4Logo_Mask.ubulk" 11
"D:/KuroProject/AutoTest/KuroTask_AutoTest/Content/Mannequin/Character/Textures/T_Male_N.uasset" 12
"D:/KuroProject/AutoTest/KuroTask_AutoTest/Content/Mannequin/Character/Textures/T_Male_N.uexp" 13
"D:/KuroProject/AutoTest/KuroTask_AutoTest/Content/Mannequin/Character/Textures/T_Male_N.ubulk" 14
"D:/KuroProject/AutoTest/KuroTask_AutoTest/Content/Mannequin/Character/Textures/T_Male_Mask.uasset" 15
"D:/KuroProject/AutoTest/KuroTask_AutoTest/Content/Mannequin/Character/Textures/T_Male_Mask.uexp" 16
"D:/KuroProject/AutoTest/KuroTask_AutoTest/Content/Mannequin/Character/Textures/T_Male_Mask.ubulk" 17
"D:/KuroProject/AutoTest/KuroTask_AutoTest/Content/Mannequin/Character/Materials/MaterialLayers/T_ML_Rubber_Blue_01_N.uasset" 18
"D:/KuroProject/AutoTest/KuroTask_AutoTest/Content/Mannequin/Character/Materials/MaterialLayers/T_ML_Rubber_Blue_01_N.uexp" 19
"D:/KuroProject/AutoTest/KuroTask_AutoTest/Content/Mannequin/Character/Materials/MaterialLayers/T_ML_Rubber_Blue_01_N.ubulk" 20
"D:/KuroProject/AutoTest/KuroTask_AutoTest/Content/Mannequin/Character/Materials/MaterialLayers/T_ML_Rubber_Blue_01_D.uasset" 21
"D:/KuroProject/AutoTest/KuroTask_AutoTest/Content/Mannequin/Character/Materials/MaterialLayers/T_ML_Rubber_Blue_01_D.uexp" 22
"D:/KuroProject/AutoTest/KuroTask_AutoTest/Content/Mannequin/Character/Materials/MaterialLayers/T_ML_Rubber_Blue_01_D.ubulk" 23
"D:/KuroProject/AutoTest/KuroTask_AutoTest/Content/Mannequin/Character/Materials/MaterialLayers/T_ML_Aluminum01_N.uasset" 24
"D:/KuroProject/AutoTest/KuroTask_AutoTest/Content/Mannequin/Character/Materials/MaterialLayers/T_ML_Aluminum01_N.uexp" 25
"D:/KuroProject/AutoTest/KuroTask_AutoTest/Content/Mannequin/Character/Materials/MaterialLayers/T_ML_Aluminum01_N.ubulk" 26
"D:/KuroProject/AutoTest/KuroTask_AutoTest/Content/Mannequin/Character/Materials/MaterialLayers/T_ML_Aluminum01.uasset" 27
"D:/KuroProject/AutoTest/KuroTask_AutoTest/Content/Mannequin/Character/Materials/MaterialLayers/T_ML_Aluminum01.uexp" 28
"D:/KuroProject/AutoTest/KuroTask_AutoTest/Content/Mannequin/Character/Materials/MaterialLayers/T_ML_Aluminum01.ubulk" 29
"D:/KuroProject/AutoTest/KuroTask_AutoTest/Content/Mannequin/Character/Materials/MaterialLayers/ML_SoftMetal_UE4.uasset" 30
"D:/KuroProject/AutoTest/KuroTask_AutoTest/Content/Mannequin/Character/Materials/MaterialLayers/ML_SoftMetal_UE4.uexp" 31
"D:/KuroProject/AutoTest/KuroTask_AutoTest/Content/Mannequin/Character/Materials/MaterialLayers/ML_Plastic_Shiny_Beige_LOGO.uasset" 32
"D:/KuroProject/AutoTest/KuroTask_AutoTest/Content/Mannequin/Character/Materials/MaterialLayers/ML_Plastic_Shiny_Beige_LOGO.uexp" 33
"D:/KuroProject/AutoTest/KuroTask_AutoTest/Content/Mannequin/Character/Materials/MaterialLayers/ML_Plastic_Shiny_Beige.uasset" 34
"D:/KuroProject/AutoTest/KuroTask_AutoTest/Content/Mannequin/Character/Materials/MaterialLayers/ML_Plastic_Shiny_Beige.uexp" 35
"D:/KuroProject/AutoTest/KuroTask_AutoTest/Content/Mannequin/Character/Materials/MaterialLayers/ML_GlossyBlack_Latex_UE4.uasset" 36
"D:/KuroProject/AutoTest/KuroTask_AutoTest/Content/Mannequin/Character/Materials/MaterialLayers/ML_GlossyBlack_Latex_UE4.uexp" 37
"../../../Engine/Content/Functions/MaterialLayerFunctions/MatLayerBlend_Simple.uasset" 38
"../../../Engine/Content/Functions/MaterialLayerFunctions/MatLayerBlend_Simple.uexp" 39
"../../../Engine/Content/Functions/Engine_MaterialFunctions02/Utility/BlendAngleCorrectedNormals.uasset" 40
"../../../Engine/Content/Functions/Engine_MaterialFunctions02/Utility/BlendAngleCorrectedNormals.uexp" 41
"../../../Engine/Content/Functions/MaterialLayerFunctions/MatLayerBlend_NormalBlend.uasset" 42
"../../../Engine/Content/Functions/MaterialLayerFunctions/MatLayerBlend_NormalBlend.uexp" 43
"D:/KuroProject/AutoTest/KuroTask_AutoTest/Content/Mannequin/Character/Materials/M_Male_Body.uasset" 44
"D:/KuroProject/AutoTest/KuroTask_AutoTest/Content/Mannequin/Character/Materials/M_Male_Body.uexp" 45
"D:/KuroProject/AutoTest/KuroTask_AutoTest/Content/Mannequin/Character/Materials/M_UE4Man_ChestLogo.uasset" 46
"D:/KuroProject/AutoTest/KuroTask_AutoTest/Content/Mannequin/Character/Materials/M_UE4Man_ChestLogo.uexp" 47
"D:/KuroProject/AutoTest/KuroTask_AutoTest/Content/Mannequin/Character/Textures/T_Female_N.uasset" 48
"D:/KuroProject/AutoTest/KuroTask_AutoTest/Content/Mannequin/Character/Textures/T_Female_N.uexp" 49
"D:/KuroProject/AutoTest/KuroTask_AutoTest/Content/Mannequin/Character/Textures/T_Female_N.ubulk" 50
"D:/KuroProject/AutoTest/KuroTask_AutoTest/Content/Mannequin/Character/Textures/T_Female_Mask.uasset" 51
"D:/KuroProject/AutoTest/KuroTask_AutoTest/Content/Mannequin/Character/Textures/T_Female_Mask.uexp" 52
"D:/KuroProject/AutoTest/KuroTask_AutoTest/Content/Mannequin/Character/Textures/T_Female_Mask.ubulk" 53
"D:/KuroProject/AutoTest/KuroTask_AutoTest/Content/Mannequin/Character/Materials/MI_Female_Body.uasset" 54
"D:/KuroProject/AutoTest/KuroTask_AutoTest/Content/Mannequin/Character/Materials/MI_Female_Body.uexp" 55
"D:/KuroProject/AutoTest/KuroTask_AutoTest/Content/Mannequin/Character/Mesh/SK_Mannequin_Female.uasset" 56
"D:/KuroProject/AutoTest/KuroTask_AutoTest/Content/Mannequin/Character/Mesh/SK_Mannequin_Female.uexp" 57
"D:/KuroProject/AutoTest/KuroTask_AutoTest/Content/StarterContent/Materials/M_Basic_Wall.uasset" 58
"D:/KuroProject/AutoTest/KuroTask_AutoTest/Content/StarterContent/Materials/M_Basic_Wall.uexp" 59
"D:/KuroProject/AutoTest/KuroTask_AutoTest/Content/StarterContent/Architecture/Pillar_50x500.uasset" 60
"D:/KuroProject/AutoTest/KuroTask_AutoTest/Content/StarterContent/Architecture/Pillar_50x500.uexp" 61
"D:/KuroProject/AutoTest/KuroTask_AutoTest/Content/StarterContent/Architecture/Wall_400x300.uasset" 62
"D:/KuroProject/AutoTest/KuroTask_AutoTest/Content/StarterContent/Architecture/Wall_400x300.uexp" 63
"D:/KuroProject/AutoTest/KuroTask_AutoTest/Content/StarterContent/Architecture/Wall_400x400.uasset" 64
"D:/KuroProject/AutoTest/KuroTask_AutoTest/Content/StarterContent/Architecture/Wall_400x400.uexp" 65
"D:/KuroProject/AutoTest/KuroTask_AutoTest/Content/StarterContent/Architecture/Wall_500x500.uasset" 66
"D:/KuroProject/AutoTest/KuroTask_AutoTest/Content/StarterContent/Architecture/Wall_500x500.uexp" 67
"D:/KuroProject/AutoTest/KuroTask_AutoTest/Content/StarterContent/Architecture/Wall_Door_400x400.uasset" 68
"D:/KuroProject/AutoTest/KuroTask_AutoTest/Content/StarterContent/Architecture/Wall_Door_400x400.uexp" 69
"D:/KuroProject/AutoTest/KuroTask_AutoTest/Content/StarterContent/Architecture/Wall_Window_400x400.uasset" 70
"D:/KuroProject/AutoTest/KuroTask_AutoTest/Content/StarterContent/Architecture/Wall_Window_400x400.uexp" 71
"D:/KuroProject/AutoTest/KuroTask_AutoTest/Content/StarterContent/Audio/Collapse01.uasset" 72
"D:/KuroProject/AutoTest/KuroTask_AutoTest/Content/StarterContent/Audio/Collapse01.uexp" 73
"D:/KuroProject/AutoTest/KuroTask_AutoTest/Content/StarterContent/Audio/Collapse02.uasset" 74
"D:/KuroProject/AutoTest/KuroTask_AutoTest/Content/StarterContent/Audio/Collapse02.uexp" 75
"D:/KuroProject/AutoTest/KuroTask_AutoTest/Content/StarterContent/Audio/Explosion01.uasset" 76
"D:/KuroProject/AutoTest/KuroTask_AutoTest/Content/StarterContent/Audio/Explosion01.uexp" 77
"D:/KuroProject/AutoTest/KuroTask_AutoTest/Content/StarterContent/Audio/Explosion02.uasset" 78
"D:/KuroProject/AutoTest/KuroTask_AutoTest/Content/StarterContent/Audio/Explosion02.uexp" 79
"D:/KuroProject/AutoTest/KuroTask_AutoTest/Content/StarterContent/Audio/Fire01.uasset" 80
"D:/KuroProject/AutoTest/KuroTask_AutoTest/Content/StarterContent/Audio/Fire01.uexp" 81
"D:/KuroProject/AutoTest/KuroTask_AutoTest/Content/StarterContent/Audio/Fire_Sparks01.uasset" 82
"D:/KuroProject/AutoTest/KuroTask_AutoTest/Content/StarterContent/Audio/Fire_Sparks01.uexp" 83
"D:/KuroProject/AutoTest/KuroTask_AutoTest/Content/StarterContent/Audio/Light01.uasset" 84
"D:/KuroProject/AutoTest/KuroTask_AutoTest/Content/StarterContent/Audio/Light01.uexp" 85
"D:/KuroProject/AutoTest/KuroTask_AutoTest/Content/StarterContent/Audio/Light01_Cue.uasset" 86
"D:/KuroProject/AutoTest/KuroTask_AutoTest/Content/StarterContent/Audio/Light01_Cue.uexp" 87
"D:/KuroProject/AutoTest/KuroTask_AutoTest/Content/StarterContent/Audio/Light02.uasset" 88
"D:/KuroProject/AutoTest/KuroTask_AutoTest/Content/StarterContent/Audio/Light02.uexp" 89
"D:/KuroProject/AutoTest/KuroTask_AutoTest/Content/StarterContent/Audio/Light02_Cue.uasset" 90
"D:/KuroProject/AutoTest/KuroTask_AutoTest/Content/StarterContent/Audio/Light02_Cue.uexp" 91
"D:/KuroProject/AutoTest/KuroTask_AutoTest/Content/StarterContent/Audio/Smoke01.uasset" 92
"D:/KuroProject/AutoTest/KuroTask_AutoTest/Content/StarterContent/Audio/Smoke01.uexp" 93
"D:/KuroProject/AutoTest/KuroTask_AutoTest/Content/StarterContent/Audio/Starter_Birds01.uasset" 94
"D:/KuroProject/AutoTest/KuroTask_AutoTest/Content/StarterContent/Audio/Starter_Birds01.uexp" 95
"D:/KuroProject/AutoTest/KuroTask_AutoTest/Content/StarterContent/Audio/Starter_Music01.uasset" 96
"D:/KuroProject/AutoTest/KuroTask_AutoTest/Content/StarterContent/Audio/Starter_Music01.uexp" 97
"D:/KuroProject/AutoTest/KuroTask_AutoTest/Content/StarterContent/Audio/Starter_Wind05.uasset" 98
"D:/KuroProject/AutoTest/KuroTask_AutoTest/Content/StarterContent/Audio/Starter_Wind05.uexp" 99
"D:/KuroProject/AutoTest/KuroTask_AutoTest/Content/StarterContent/Audio/Starter_Wind06.uasset" 100
"D:/KuroProject/AutoTest/KuroTask_AutoTest/Content/StarterContent/Audio/Starter_Wind06.uexp" 101
"D:/KuroProject/AutoTest/KuroTask_AutoTest/Content/StarterContent/Audio/Steam01.uasset" 102
"D:/KuroProject/AutoTest/KuroTask_AutoTest/Content/StarterContent/Audio/Steam01.uexp" 103
"D:/KuroProject/AutoTest/KuroTask_AutoTest/Content/StarterContent/Textures/T_Smoke_Tiled_D.uasset" 104
"D:/KuroProject/AutoTest/KuroTask_AutoTest/Content/StarterContent/Textures/T_Smoke_Tiled_D.uexp" 105
"D:/KuroProject/AutoTest/KuroTask_AutoTest/Content/StarterContent/Textures/T_Smoke_Tiled_D.ubulk" 106
"D:/KuroProject/AutoTest/KuroTask_AutoTest/Content/StarterContent/Textures/T_Smoke_SubUV.uasset" 107
"D:/KuroProject/AutoTest/KuroTask_AutoTest/Content/StarterContent/Textures/T_Smoke_SubUV.uexp" 108
"D:/KuroProject/AutoTest/KuroTask_AutoTest/Content/StarterContent/Textures/T_Smoke_SubUV.ubulk" 109
"D:/KuroProject/AutoTest/KuroTask_AutoTest/Content/StarterContent/Particles/Materials/M_smoke_subUV.uasset" 110
"D:/KuroProject/AutoTest/KuroTask_AutoTest/Content/StarterContent/Particles/Materials/M_smoke_subUV.uexp" 111
"../../../Engine/Content/Functions/Engine_MaterialFunctions01/Gradient/RadialGradient.uasset" 112
"../../../Engine/Content/Functions/Engine_MaterialFunctions01/Gradient/RadialGradient.uexp" 113
"D:/KuroProject/AutoTest/KuroTask_AutoTest/Content/StarterContent/Particles/Materials/M_radial_ramp.uasset" 114
"D:/KuroProject/AutoTest/KuroTask_AutoTest/Content/StarterContent/Particles/Materials/M_radial_ramp.uexp" 115
"D:/KuroProject/AutoTest/KuroTask_AutoTest/Content/StarterContent/Particles/Materials/m_flare_01.uasset" 116
"D:/KuroProject/AutoTest/KuroTask_AutoTest/Content/StarterContent/Particles/Materials/m_flare_01.uexp" 117
"D:/KuroProject/AutoTest/KuroTask_AutoTest/Content/StarterContent/Textures/T_Explosion_SubUV.uasset" 118
"D:/KuroProject/AutoTest/KuroTask_AutoTest/Content/StarterContent/Textures/T_Explosion_SubUV.uexp" 119
"D:/KuroProject/AutoTest/KuroTask_AutoTest/Content/StarterContent/Textures/T_Explosion_SubUV.ubulk" 120
"D:/KuroProject/AutoTest/KuroTask_AutoTest/Content/StarterContent/Particles/Materials/M_explosion_subUV.uasset" 121
"D:/KuroProject/AutoTest/KuroTask_AutoTest/Content/StarterContent/Particles/Materials/M_explosion_subUV.uexp" 122
"D:/KuroProject/AutoTest/KuroTask_AutoTest/Content/StarterContent/Textures/T_Burst_M.uasset" 123
"D:/KuroProject/AutoTest/KuroTask_AutoTest/Content/StarterContent/Textures/T_Burst_M.uexp" 124
"D:/KuroProject/AutoTest/KuroTask_AutoTest/Content/StarterContent/Textures/T_Burst_M.ubulk" 125
"D:/KuroProject/AutoTest/KuroTask_AutoTest/Content/StarterContent/Particles/Materials/M_Burst.uasset" 126
"D:/KuroProject/AutoTest/KuroTask_AutoTest/Content/StarterContent/Particles/Materials/M_Burst.uexp" 127
"D:/KuroProject/AutoTest/KuroTask_AutoTest/Content/StarterContent/Particles/P_Explosion.uasset" 128
"D:/KuroProject/AutoTest/KuroTask_AutoTest/Content/StarterContent/Particles/P_Explosion.uexp" 129
"D:/KuroProject/AutoTest/KuroTask_AutoTest/Content/StarterContent/Audio/Explosion_Cue.uasset" 130
"D:/KuroProject/AutoTest/KuroTask_AutoTest/Content/StarterContent/Audio/Explosion_Cue.uexp" 131
"D:/KuroProject/AutoTest/KuroTask_AutoTest/Content/StarterContent/Blueprints/Blueprint_Effect_Explosion.uasset" 132
"D:/KuroProject/AutoTest/KuroTask_AutoTest/Content/StarterContent/Blueprints/Blueprint_Effect_Explosion.uexp" 133
"../../../Engine/Content/EditorMeshes/ColorCalibrator/T_ColorGrid.uasset" 134
"../../../Engine/Content/EditorMeshes/ColorCalibrator/T_ColorGrid.uexp" 135
"../../../Engine/Content/EditorMeshes/ColorCalibrator/T_ColorGrid.ubulk" 136
"D:/KuroProject/AutoTest/KuroTask_AutoTest/Content/StarterContent/Materials/M_ColorGrid_LowSpec.uasset" 137
"D:/KuroProject/AutoTest/KuroTask_AutoTest/Content/StarterContent/Materials/M_ColorGrid_LowSpec.uexp" 138
"D:/KuroProject/AutoTest/KuroTask_AutoTest/Content/StarterContent/Textures/T_Bush_N.uasset" 139
"D:/KuroProject/AutoTest/KuroTask_AutoTest/Content/StarterContent/Textures/T_Bush_N.uexp" 140
"D:/KuroProject/AutoTest/KuroTask_AutoTest/Content/StarterContent/Textures/T_Bush_N.ubulk" 141
"D:/KuroProject/AutoTest/KuroTask_AutoTest/Content/StarterContent/Textures/T_Bush_D.uasset" 142
"D:/KuroProject/AutoTest/KuroTask_AutoTest/Content/StarterContent/Textures/T_Bush_D.uexp" 143
"D:/KuroProject/AutoTest/KuroTask_AutoTest/Content/StarterContent/Textures/T_Bush_D.ubulk" 144
"D:/KuroProject/AutoTest/KuroTask_AutoTest/Content/StarterContent/Props/Materials/M_Bush.uasset" 145
"D:/KuroProject/AutoTest/KuroTask_AutoTest/Content/StarterContent/Props/Materials/M_Bush.uexp" 146
"D:/KuroProject/AutoTest/KuroTask_AutoTest/Content/StarterContent/Props/SM_Bush.uasset" 147
"D:/KuroProject/AutoTest/KuroTask_AutoTest/Content/StarterContent/Props/SM_Bush.uexp" 148
"D:/KuroProject/AutoTest/KuroTask_AutoTest/Content/StarterContent/Textures/T_Chair_N.uasset" 149
"D:/KuroProject/AutoTest/KuroTask_AutoTest/Content/StarterContent/Textures/T_Chair_N.uexp" 150
"D:/KuroProject/AutoTest/KuroTask_AutoTest/Content/StarterContent/Textures/T_Chair_N.ubulk" 151
"D:/KuroProject/AutoTest/KuroTask_AutoTest/Content/StarterContent/Textures/T_Chair_M.uasset" 152
"D:/KuroProject/AutoTest/KuroTask_AutoTest/Content/StarterContent/Textures/T_Chair_M.uexp" 153
"D:/KuroProject/AutoTest/KuroTask_AutoTest/Content/StarterContent/Textures/T_Chair_M.ubulk" 154
"D:/KuroProject/AutoTest/KuroTask_AutoTest/Content/StarterContent/Props/Materials/M_Chair.uasset" 155
"D:/KuroProject/AutoTest/KuroTask_AutoTest/Content/StarterContent/Props/Materials/M_Chair.uexp" 156
"D:/KuroProject/AutoTest/KuroTask_AutoTest/Content/StarterContent/Props/SM_Couch.uasset" 157
"D:/KuroProject/AutoTest/KuroTask_AutoTest/Content/StarterContent/Props/SM_Couch.uexp" 158
"D:/KuroProject/AutoTest/KuroTask_AutoTest/Content/StarterContent/Materials/M_Glass.uasset" 159
"D:/KuroProject/AutoTest/KuroTask_AutoTest/Content/StarterContent/Materials/M_Glass.uexp" 160
"D:/KuroProject/AutoTest/KuroTask_AutoTest/Content/StarterContent/Textures/T_Door_N.uasset" 161
"D:/KuroProject/AutoTest/KuroTask_AutoTest/Content/StarterContent/Textures/T_Door_N.uexp" 162
"D:/KuroProject/AutoTest/KuroTask_AutoTest/Content/StarterContent/Textures/T_Door_N.ubulk" 163
"D:/KuroProject/AutoTest/KuroTask_AutoTest/Content/StarterContent/Textures/T_Door_M.uasset" 164
"D:/KuroProject/AutoTest/KuroTask_AutoTest/Content/StarterContent/Textures/T_Door_M.uexp" 165
"D:/KuroProject/AutoTest/KuroTask_AutoTest/Content/StarterContent/Textures/T_Door_M.ubulk" 166
"D:/KuroProject/AutoTest/KuroTask_AutoTest/Content/StarterContent/Props/Materials/M_Door.uasset" 167
"D:/KuroProject/AutoTest/KuroTask_AutoTest/Content/StarterContent/Props/Materials/M_Door.uexp" 168
"D:/KuroProject/AutoTest/KuroTask_AutoTest/Content/StarterContent/Props/SM_Door.uasset" 169
"D:/KuroProject/AutoTest/KuroTask_AutoTest/Content/StarterContent/Props/SM_Door.uexp" 170
"D:/KuroProject/AutoTest/KuroTask_AutoTest/Content/StarterContent/Props/Materials/M_MaterialSphere_Plain.uasset" 171
"D:/KuroProject/AutoTest/KuroTask_AutoTest/Content/StarterContent/Props/Materials/M_MaterialSphere_Plain.uexp" 172
"D:/KuroProject/AutoTest/KuroTask_AutoTest/Content/StarterContent/Props/Materials/M_MaterialSphere.uasset" 173
"D:/KuroProject/AutoTest/KuroTask_AutoTest/Content/StarterContent/Props/Materials/M_MaterialSphere.uexp" 174
"D:/KuroProject/AutoTest/KuroTask_AutoTest/Content/StarterContent/Props/SM_MatPreviewMesh_02.uasset" 175
"D:/KuroProject/AutoTest/KuroTask_AutoTest/Content/StarterContent/Props/SM_MatPreviewMesh_02.uexp" 176
"D:/KuroProject/AutoTest/KuroTask_AutoTest/Content/StarterContent/Textures/T_Rock_Basalt_D.uasset" 177
"D:/KuroProject/AutoTest/KuroTask_AutoTest/Content/StarterContent/Textures/T_Rock_Basalt_D.uexp" 178
"D:/KuroProject/AutoTest/KuroTask_AutoTest/Content/StarterContent/Textures/T_Rock_Basalt_D.ubulk" 179
"D:/KuroProject/AutoTest/KuroTask_AutoTest/Content/StarterContent/Textures/T_RockMesh_N.uasset" 180
"D:/KuroProject/AutoTest/KuroTask_AutoTest/Content/StarterContent/Textures/T_RockMesh_N.uexp" 181
"D:/KuroProject/AutoTest/KuroTask_AutoTest/Content/StarterContent/Textures/T_RockMesh_N.ubulk" 182
"D:/KuroProject/AutoTest/KuroTask_AutoTest/Content/StarterContent/Textures/T_RockMesh_M.uasset" 183
"D:/KuroProject/AutoTest/KuroTask_AutoTest/Content/StarterContent/Textures/T_RockMesh_M.uexp" 184
"D:/KuroProject/AutoTest/KuroTask_AutoTest/Content/StarterContent/Textures/T_RockMesh_M.ubulk" 185
"D:/KuroProject/AutoTest/KuroTask_AutoTest/Content/StarterContent/Textures/T_Detail_Rocky_N.uasset" 186
"D:/KuroProject/AutoTest/KuroTask_AutoTest/Content/StarterContent/Textures/T_Detail_Rocky_N.uexp" 187
"D:/KuroProject/AutoTest/KuroTask_AutoTest/Content/StarterContent/Textures/T_Detail_Rocky_N.ubulk" 188
"D:/KuroProject/AutoTest/KuroTask_AutoTest/Content/StarterContent/Props/Materials/M_Rock.uasset" 189
"D:/KuroProject/AutoTest/KuroTask_AutoTest/Content/StarterContent/Props/Materials/M_Rock.uexp" 190
"D:/KuroProject/AutoTest/KuroTask_AutoTest/Content/StarterContent/Props/SM_Rock.uasset" 191
"D:/KuroProject/AutoTest/KuroTask_AutoTest/Content/StarterContent/Props/SM_Rock.uexp" 192
"D:/KuroProject/AutoTest/KuroTask_AutoTest/Content/StarterContent/Textures/T_Shelf_N.uasset" 193
"D:/KuroProject/AutoTest/KuroTask_AutoTest/Content/StarterContent/Textures/T_Shelf_N.uexp" 194
"D:/KuroProject/AutoTest/KuroTask_AutoTest/Content/StarterContent/Textures/T_Shelf_N.ubulk" 195
"D:/KuroProject/AutoTest/KuroTask_AutoTest/Content/StarterContent/Textures/T_Shelf_M.uasset" 196
"D:/KuroProject/AutoTest/KuroTask_AutoTest/Content/StarterContent/Textures/T_Shelf_M.uexp" 197
"D:/KuroProject/AutoTest/KuroTask_AutoTest/Content/StarterContent/Textures/T_Shelf_M.ubulk" 198
"D:/KuroProject/AutoTest/KuroTask_AutoTest/Content/StarterContent/Props/Materials/M_Shelf.uasset" 199
"D:/KuroProject/AutoTest/KuroTask_AutoTest/Content/StarterContent/Props/Materials/M_Shelf.uexp" 200
"D:/KuroProject/AutoTest/KuroTask_AutoTest/Content/StarterContent/Props/SM_Shelf.uasset" 201
"D:/KuroProject/AutoTest/KuroTask_AutoTest/Content/StarterContent/Props/SM_Shelf.uexp" 202
"D:/KuroProject/AutoTest/KuroTask_AutoTest/Content/StarterContent/Materials/M_Basic_Floor.uasset" 203
"D:/KuroProject/AutoTest/KuroTask_AutoTest/Content/StarterContent/Materials/M_Basic_Floor.uexp" 204
"D:/KuroProject/AutoTest/KuroTask_AutoTest/Content/StarterContent/Props/SM_Stairs.uasset" 205
"D:/KuroProject/AutoTest/KuroTask_AutoTest/Content/StarterContent/Props/SM_Stairs.uexp" 206
"D:/KuroProject/AutoTest/KuroTask_AutoTest/Content/StarterContent/Shapes/Shape_Cone.uasset" 207
"D:/KuroProject/AutoTest/KuroTask_AutoTest/Content/StarterContent/Shapes/Shape_Cone.uexp" 208
"D:/KuroProject/AutoTest/KuroTask_AutoTest/Content/StarterContent/Shapes/Shape_Cylinder.uasset" 209
"D:/KuroProject/AutoTest/KuroTask_AutoTest/Content/StarterContent/Shapes/Shape_Cylinder.uexp" 210
"D:/KuroProject/AutoTest/KuroTask_AutoTest/Content/StarterContent/Shapes/Shape_NarrowCapsule.uasset" 211
"D:/KuroProject/AutoTest/KuroTask_AutoTest/Content/StarterContent/Shapes/Shape_NarrowCapsule.uexp" 212
"D:/KuroProject/AutoTest/KuroTask_AutoTest/Content/StarterContent/Shapes/Shape_Pipe.uasset" 213
"D:/KuroProject/AutoTest/KuroTask_AutoTest/Content/StarterContent/Shapes/Shape_Pipe.uexp" 214
"D:/KuroProject/AutoTest/KuroTask_AutoTest/Content/StarterContent/Shapes/Shape_Pipe_180.uasset" 215
"D:/KuroProject/AutoTest/KuroTask_AutoTest/Content/StarterContent/Shapes/Shape_Pipe_180.uexp" 216
"D:/KuroProject/AutoTest/KuroTask_AutoTest/Content/StarterContent/Shapes/Shape_Pipe_90.uasset" 217
"D:/KuroProject/AutoTest/KuroTask_AutoTest/Content/StarterContent/Shapes/Shape_Pipe_90.uexp" 218
"D:/KuroProject/AutoTest/KuroTask_AutoTest/Content/StarterContent/Shapes/Shape_Plane.uasset" 219
"D:/KuroProject/AutoTest/KuroTask_AutoTest/Content/StarterContent/Shapes/Shape_Plane.uexp" 220
"D:/KuroProject/AutoTest/KuroTask_AutoTest/Content/StarterContent/Shapes/Shape_Torus.uasset" 221
"D:/KuroProject/AutoTest/KuroTask_AutoTest/Content/StarterContent/Shapes/Shape_Torus.uexp" 222
"D:/KuroProject/AutoTest/KuroTask_AutoTest/Content/StarterContent/Shapes/Shape_Trim.uasset" 223
"D:/KuroProject/AutoTest/KuroTask_AutoTest/Content/StarterContent/Shapes/Shape_Trim.uexp" 224
"D:/KuroProject/AutoTest/KuroTask_AutoTest/Content/StarterContent/Shapes/Shape_Trim_90_In.uasset" 225
"D:/KuroProject/AutoTest/KuroTask_AutoTest/Content/StarterContent/Shapes/Shape_Trim_90_In.uexp" 226
"D:/KuroProject/AutoTest/KuroTask_AutoTest/Content/StarterContent/Shapes/Shape_Trim_90_Out.uasset" 227
"D:/KuroProject/AutoTest/KuroTask_AutoTest/Content/StarterContent/Shapes/Shape_Trim_90_Out.uexp" 228
"D:/KuroProject/AutoTest/KuroTask_AutoTest/Content/StarterContent/Shapes/Shape_TriPyramid.uasset" 229
"D:/KuroProject/AutoTest/KuroTask_AutoTest/Content/StarterContent/Shapes/Shape_TriPyramid.uexp" 230
"D:/KuroProject/AutoTest/KuroTask_AutoTest/Content/StarterContent/Shapes/Shape_Tube.uasset" 231
"D:/KuroProject/AutoTest/KuroTask_AutoTest/Content/StarterContent/Shapes/Shape_Tube.uexp" 232
"D:/KuroProject/AutoTest/KuroTask_AutoTest/Content/StarterContent/Shapes/Shape_Wedge_A.uasset" 233
"D:/KuroProject/AutoTest/KuroTask_AutoTest/Content/StarterContent/Shapes/Shape_Wedge_A.uexp" 234
"D:/KuroProject/AutoTest/KuroTask_AutoTest/Content/StarterContent/Shapes/Shape_Wedge_B.uasset" 235
"D:/KuroProject/AutoTest/KuroTask_AutoTest/Content/StarterContent/Shapes/Shape_Wedge_B.uexp" 236
"D:/KuroProject/AutoTest/KuroTask_AutoTest/Content/StarterContent/Shapes/Shape_WideCapsule.uasset" 237
"D:/KuroProject/AutoTest/KuroTask_AutoTest/Content/StarterContent/Shapes/Shape_WideCapsule.uexp" 238
"D:/KuroProject/AutoTest/KuroTask_AutoTest/Content/WB_Exiat.uasset" 239
"D:/KuroProject/AutoTest/KuroTask_AutoTest/Content/WB_Exiat.uexp" 240
"D:/KuroProject/AutoTest/KuroTask_AutoTest/Content/Blueprints/NewGameMode.uasset" 241
"D:/KuroProject/AutoTest/KuroTask_AutoTest/Content/Blueprints/NewGameMode.uexp" 242
"D:/KuroProject/AutoTest/KuroTask_AutoTest/Content/Texture/-9lddQ8zlk-3fm7Z16T3cSiw-i6.uasset" 243
"D:/KuroProject/AutoTest/KuroTask_AutoTest/Content/Texture/-9lddQ8zlk-3fm7Z16T3cSiw-i6.uexp" 244
"D:/KuroProject/AutoTest/KuroTask_AutoTest/Content/Texture/1a67f92a8f7f13e7f416c509878894c3.uasset" 245
"D:/KuroProject/AutoTest/KuroTask_AutoTest/Content/Texture/1a67f92a8f7f13e7f416c509878894c3.uexp" 246
"D:/KuroProject/AutoTest/KuroTask_AutoTest/Content/Texture/square-crop.uasset" 247
"D:/KuroProject/AutoTest/KuroTask_AutoTest/Content/Texture/square-crop.uexp" 248
"D:/KuroProject/AutoTest/KuroTask_AutoTest/Content/Texture/thumb-1920-1357941.uasset" 249
"D:/KuroProject/AutoTest/KuroTask_AutoTest/Content/Texture/thumb-1920-1357941.uexp" 250
"../../../Engine/Content/Animation/DefaultAnimBoneCompressionSettings.uasset" 251
"../../../Engine/Content/Animation/DefaultAnimBoneCompressionSettings.uexp" 252
"../../../Engine/Content/Animation/DefaultAnimCurveCompressionSettings.uasset" 253
"../../../Engine/Content/Animation/DefaultAnimCurveCompressionSettings.uexp" 254
"../../../Engine/Content/Functions/Engine_MaterialFunctions01/Opacity/CameraDepthFade.uasset" 255
"../../../Engine/Content/Functions/Engine_MaterialFunctions01/Opacity/CameraDepthFade.uexp" 256
"../../../Engine/Content/EngineMaterials/T_Default_Material_Grid_N.uasset" 257
"../../../Engine/Content/EngineMaterials/T_Default_Material_Grid_N.uexp" 258
"../../../Engine/Content/EngineMaterials/T_Default_Material_Grid_N.ubulk" 259
"../../../Engine/Content/EngineMaterials/T_Default_Material_Grid_M.uasset" 260
"../../../Engine/Content/EngineMaterials/T_Default_Material_Grid_M.uexp" 261
"../../../Engine/Content/EngineMaterials/T_Default_Material_Grid_M.ubulk" 262
"../../../Engine/Content/EngineMaterials/WorldGridMaterial.uasset" 263
"../../../Engine/Content/EngineMaterials/WorldGridMaterial.uexp" 264
"../../../Engine/Content/ArtTools/RenderToTexture/Meshes/S_1_Unit_Plane.uasset" 265
"../../../Engine/Content/ArtTools/RenderToTexture/Meshes/S_1_Unit_Plane.uexp" 266
"../../../Engine/Content/EngineMaterials/DefaultMaterial.uasset" 267
"../../../Engine/Content/EngineMaterials/DefaultMaterial.uexp" 268
"../../../Engine/Content/BasicShapes/Cone.uasset" 269
"../../../Engine/Content/BasicShapes/Cone.uexp" 270
"../../../Engine/Content/BasicShapes/Cube.uasset" 271
"../../../Engine/Content/BasicShapes/Cube.uexp" 272
"../../../Engine/Content/BasicShapes/Plane.uasset" 273
"../../../Engine/Content/BasicShapes/Plane.uexp" 274
"../../../Engine/Content/BasicShapes/Sphere.uasset" 275
"../../../Engine/Content/BasicShapes/Sphere.uexp" 276
"../../../Engine/Content/EditorLandscapeResources/DataLayer.uasset" 277
"../../../Engine/Content/EditorLandscapeResources/DataLayer.uexp" 278
"../../../Engine/Content/EditorLandscapeResources/DefaultAlphaTexture.uasset" 279
"../../../Engine/Content/EditorLandscapeResources/DefaultAlphaTexture.uexp" 280
"../../../Engine/Content/EditorMaterials/MAT_Groups_Toggle.uasset" 281
"../../../Engine/Content/EditorMaterials/MAT_Groups_Toggle.uexp" 282
"../../../Engine/Content/EditorMaterials/MAT_Groups_Visibility.uasset" 283
"../../../Engine/Content/EditorMaterials/MAT_Groups_Visibility.uexp" 284
"../../../Engine/Content/EditorMaterials/PreviewShadowIndicator.uasset" 285
"../../../Engine/Content/EditorMaterials/PreviewShadowIndicator.uexp" 286
"../../../Engine/Content/EditorMaterials/PreviewShadowIndicator.ubulk" 287
"../../../Engine/Content/EditorMaterials/PreviewShadowIndicatorMaterial.uasset" 288
"../../../Engine/Content/EditorMaterials/PreviewShadowIndicatorMaterial.uexp" 289
"../../../Engine/Content/EditorMaterials/MatineeGroups/MAT_ColorTrack.uasset" 290
"../../../Engine/Content/EditorMaterials/MatineeGroups/MAT_ColorTrack.uexp" 291
"../../../Engine/Content/EditorMaterials/MatineeGroups/MAT_Groups_Anim.uasset" 292
"../../../Engine/Content/EditorMaterials/MatineeGroups/MAT_Groups_Anim.uexp" 293
"../../../Engine/Content/EditorMaterials/MatineeGroups/MAT_Groups_AudioMaster.uasset" 294
"../../../Engine/Content/EditorMaterials/MatineeGroups/MAT_Groups_AudioMaster.uexp" 295
"../../../Engine/Content/EditorMaterials/MatineeGroups/MAT_Groups_Director.uasset" 296
"../../../Engine/Content/EditorMaterials/MatineeGroups/MAT_Groups_Director.uexp" 297
"../../../Engine/Content/EditorMaterials/MatineeGroups/MAT_Groups_Event.uasset" 298
"../../../Engine/Content/EditorMaterials/MatineeGroups/MAT_Groups_Event.uexp" 299
"../../../Engine/Content/EditorMaterials/MatineeGroups/MAT_Groups_Fade.uasset" 300
"../../../Engine/Content/EditorMaterials/MatineeGroups/MAT_Groups_Fade.uexp" 301
"../../../Engine/Content/EditorMaterials/MatineeGroups/MAT_Groups_Float.uasset" 302
"../../../Engine/Content/EditorMaterials/MatineeGroups/MAT_Groups_Float.uexp" 303
"../../../Engine/Content/EditorMaterials/MatineeGroups/MAT_Groups_Move.uasset" 304
"../../../Engine/Content/EditorMaterials/MatineeGroups/MAT_Groups_Move.uexp" 305
"../../../Engine/Content/EditorMaterials/MatineeGroups/MAT_Groups_Slomo.uasset" 306
"../../../Engine/Content/EditorMaterials/MatineeGroups/MAT_Groups_Slomo.uexp" 307
"../../../Engine/Content/EditorMaterials/MatineeGroups/MAT_Groups_Sound.uasset" 308
"../../../Engine/Content/EditorMaterials/MatineeGroups/MAT_Groups_Sound.uexp" 309
"../../../Engine/Content/EditorMaterials/MatineeGroups/MAT_Groups_Vector.uasset" 310
"../../../Engine/Content/EditorMaterials/MatineeGroups/MAT_Groups_Vector.uexp" 311
"../../../Engine/Content/EditorMaterials/ParticleSystems/PSysThumbnail_NoImage.uasset" 312
"../../../Engine/Content/EditorMaterials/ParticleSystems/PSysThumbnail_NoImage.uexp" 313
"../../../Engine/Content/EditorMaterials/ParticleSystems/PSysThumbnail_NoImage.ubulk" 314
"../../../Engine/Content/EditorMaterials/ParticleSystems/PSysThumbnail_OOD.uasset" 315
"../../../Engine/Content/EditorMaterials/ParticleSystems/PSysThumbnail_OOD.uexp" 316
"../../../Engine/Content/EditorMaterials/ParticleSystems/PSysThumbnail_OOD.ubulk" 317
"../../../Engine/Content/EditorMaterials/Camera/CineMat.uasset" 318
"../../../Engine/Content/EditorMaterials/Camera/CineMat.uexp" 319
"../../../Engine/Content/EditorMaterials/Camera/MI_CineMat_Rig.uasset" 320
"../../../Engine/Content/EditorMaterials/Camera/MI_CineMat_Rig.uexp" 321
"../../../Engine/Content/EditorMeshes/Camera/SM_CraneRig_Arm.uasset" 322
"../../../Engine/Content/EditorMeshes/Camera/SM_CraneRig_Arm.uexp" 323
"../../../Engine/Content/EditorMeshes/Camera/SM_CraneRig_Base.uasset" 324
"../../../Engine/Content/EditorMeshes/Camera/SM_CraneRig_Base.uexp" 325
"../../../Engine/Content/EditorMeshes/Camera/SM_CraneRig_Body.uasset" 326
"../../../Engine/Content/EditorMeshes/Camera/SM_CraneRig_Body.uexp" 327
"../../../Engine/Content/EditorMeshes/Camera/SM_CraneRig_Mount.uasset" 328
"../../../Engine/Content/EditorMeshes/Camera/SM_CraneRig_Mount.uexp" 329
"../../../Engine/Content/EditorMeshes/Camera/SM_RailRig_Mount.uasset" 330
"../../../Engine/Content/EditorMeshes/Camera/SM_RailRig_Mount.uexp" 331
"../../../Engine/Content/EditorMeshes/Camera/SM_RailRig_Track.uasset" 332
"../../../Engine/Content/EditorMeshes/Camera/SM_RailRig_Track.uexp" 333
"../../../Engine/Content/EditorResources/BSPVertex.uasset" 334
"../../../Engine/Content/EditorResources/BSPVertex.uexp" 335
"../../../Engine/Content/EditorResources/EmptyActor.uasset" 336
"../../../Engine/Content/EditorResources/EmptyActor.uexp" 337
"../../../Engine/Content/EditorResources/S_Actor.uasset" 338
"../../../Engine/Content/EditorResources/S_Actor.uexp" 339
"../../../Engine/Content/EditorResources/S_Actor.ubulk" 340
"../../../Engine/Content/EditorResources/S_Note.uasset" 341
"../../../Engine/Content/EditorResources/S_Note.uexp" 342
"../../../Engine/Content/EditorResources/S_Note.ubulk" 343
"../../../Engine/Content/EditorResources/S_Solver.uasset" 344
"../../../Engine/Content/EditorResources/S_Solver.uexp" 345
"../../../Engine/Content/EditorResources/S_Solver.ubulk" 346
"../../../Engine/Content/EditorResources/S_Terrain.uasset" 347
"../../../Engine/Content/EditorResources/S_Terrain.uexp" 348
"../../../Engine/Content/EditorResources/S_Terrain.ubulk" 349
"../../../Engine/Content/EditorResources/S_Trigger.uasset" 350
"../../../Engine/Content/EditorResources/S_Trigger.uexp" 351
"../../../Engine/Content/EditorResources/S_Trigger.ubulk" 352
"../../../Engine/Content/EditorResources/AudioIcons/S_AudioComponent.uasset" 353
"../../../Engine/Content/EditorResources/AudioIcons/S_AudioComponent.uexp" 354
"../../../Engine/Content/EditorResources/AudioIcons/S_AudioComponent.ubulk" 355
"../../../Engine/Content/EditorResources/AudioIcons/S_AudioComponent_AutoActivate.uasset" 356
"../../../Engine/Content/EditorResources/AudioIcons/S_AudioComponent_AutoActivate.uexp" 357
"../../../Engine/Content/EditorResources/AudioIcons/S_AudioComponent_AutoActivate.ubulk" 358
"../../../Engine/Content/EditorResources/LightIcons/S_LightError.uasset" 359
"../../../Engine/Content/EditorResources/LightIcons/S_LightError.uexp" 360
"../../../Engine/Content/EditorResources/SequenceRecorder/Countdown.uasset" 361
"../../../Engine/Content/EditorResources/SequenceRecorder/Countdown.uexp" 362
"../../../Engine/Content/EditorResources/SequenceRecorder/RecordingIndicator.uasset" 363
"../../../Engine/Content/EditorResources/SequenceRecorder/RecordingIndicator.uexp" 364
"../../../Engine/Content/EngineDamageTypes/DmgTypeBP_Environmental.uasset" 365
"../../../Engine/Content/EngineDamageTypes/DmgTypeBP_Environmental.uexp" 366
"../../../Engine/Content/EngineDebugMaterials/DebugEditorMaterial.uasset" 367
"../../../Engine/Content/EngineDebugMaterials/DebugEditorMaterial.uexp" 368
"../../../Engine/Content/EngineDebugMaterials/DebugMeshMaterial.uasset" 369
"../../../Engine/Content/EngineDebugMaterials/DebugMeshMaterial.uexp" 370
"../../../Engine/Content/EngineDebugMaterials/M_SimpleUnlitTranslucent.uasset" 371
"../../../Engine/Content/EngineDebugMaterials/M_SimpleUnlitTranslucent.uexp" 372
"../../../Engine/Content/EngineDebugMaterials/VolumeToRender.uasset" 373
"../../../Engine/Content/EngineDebugMaterials/VolumeToRender.uexp" 374
"../../../Engine/Content/Functions/Engine_MaterialFunctions02/Utility/CameraDirectionVector.uasset" 375
"../../../Engine/Content/Functions/Engine_MaterialFunctions02/Utility/CameraDirectionVector.uexp" 376
"../../../Engine/Content/EngineDebugMaterials/M_VolumeRenderSphereTracePP.uasset" 377
"../../../Engine/Content/EngineDebugMaterials/M_VolumeRenderSphereTracePP.uexp" 378
"../../../Engine/Content/Functions/Engine_MaterialFunctions01/Shading/ConvertFromDiffSpec.uasset" 379
"../../../Engine/Content/Functions/Engine_MaterialFunctions01/Shading/ConvertFromDiffSpec.uexp" 380
"../../../Engine/Content/EngineDebugMaterials/VertexColorMaterial.uasset" 381
"../../../Engine/Content/EngineDebugMaterials/VertexColorMaterial.uexp" 382
"../../../Engine/Content/EngineDebugMaterials/WireframeMaterial.uasset" 383
"../../../Engine/Content/EngineDebugMaterials/WireframeMaterial.uexp" 384
"../../../Engine/Content/EngineFonts/Faces/RobotoRegular.uasset" 385
"../../../Engine/Content/EngineFonts/Faces/RobotoRegular.uexp" 386
"../../../Engine/Content/EngineFonts/Faces/RobotoRegular.ufont" 387
"../../../Engine/Content/EngineFonts/Faces/RobotoLight.uasset" 388
"../../../Engine/Content/EngineFonts/Faces/RobotoLight.uexp" 389
"../../../Engine/Content/EngineFonts/Faces/RobotoLight.ufont" 390
"../../../Engine/Content/EngineFonts/Faces/RobotoItalic.uasset" 391
"../../../Engine/Content/EngineFonts/Faces/RobotoItalic.uexp" 392
"../../../Engine/Content/EngineFonts/Faces/RobotoItalic.ufont" 393
"../../../Engine/Content/EngineFonts/Faces/RobotoBoldItalic.uasset" 394
"../../../Engine/Content/EngineFonts/Faces/RobotoBoldItalic.uexp" 395
"../../../Engine/Content/EngineFonts/Faces/RobotoBoldItalic.ufont" 396
"../../../Engine/Content/EngineFonts/Faces/RobotoBold.uasset" 397
"../../../Engine/Content/EngineFonts/Faces/RobotoBold.uexp" 398
"../../../Engine/Content/EngineFonts/Faces/RobotoBold.ufont" 399
"../../../Engine/Content/EngineFonts/Faces/DroidSansFallback.uasset" 400
"../../../Engine/Content/EngineFonts/Faces/DroidSansFallback.uexp" 401
"../../../Engine/Content/EngineFonts/Faces/DroidSansFallback.ufont" 402
"../../../Engine/Content/EngineFonts/Roboto.uasset" 403
"../../../Engine/Content/EngineFonts/Roboto.uexp" 404
"../../../Engine/Content/EngineMaterials/BaseFlattenNormalMap.uasset" 405
"../../../Engine/Content/EngineMaterials/BaseFlattenNormalMap.uexp" 406
"../../../Engine/Content/EngineMaterials/BaseFlattenGrayscaleMap.uasset" 407
"../../../Engine/Content/EngineMaterials/BaseFlattenGrayscaleMap.uexp" 408
"../../../Engine/Content/EngineMaterials/BaseFlattenEmissiveMap.uasset" 409
"../../../Engine/Content/EngineMaterials/BaseFlattenEmissiveMap.uexp" 410
"../../../Engine/Content/EngineMaterials/BaseFlattenDiffuseMap.uasset" 411
"../../../Engine/Content/EngineMaterials/BaseFlattenDiffuseMap.uexp" 412
"../../../Engine/Content/EngineMaterials/BaseFlattenMaterial.uasset" 413
"../../../Engine/Content/EngineMaterials/BaseFlattenMaterial.uexp" 414
"../../../Engine/Content/EngineMaterials/BlueNoise.uasset" 415
"../../../Engine/Content/EngineMaterials/BlueNoise.uexp" 416
"../../../Engine/Content/EngineMaterials/DefaultBloomKernel.uasset" 417
"../../../Engine/Content/EngineMaterials/DefaultBloomKernel.uexp" 418
"../../../Engine/Content/EngineMaterials/DefaultBokeh.uasset" 419
"../../../Engine/Content/EngineMaterials/DefaultBokeh.uexp" 420
"../../../Engine/Content/EngineMaterials/DefaultDiffuse.uasset" 421
"../../../Engine/Content/EngineMaterials/DefaultDiffuse.uexp" 422
"../../../Engine/Content/EngineMaterials/DefaultDiffuse.ubulk" 423
"../../../Engine/Content/EngineMaterials/DefaultDeferredDecalMaterial.uasset" 424
"../../../Engine/Content/EngineMaterials/DefaultDeferredDecalMaterial.uexp" 425
"../../../Engine/Content/EngineMaterials/DefaultLightFunctionMaterial.uasset" 426
"../../../Engine/Content/EngineMaterials/DefaultLightFunctionMaterial.uexp" 427
"../../../Engine/Content/EngineMaterials/DefaultPhysicalMaterial.uasset" 428
"../../../Engine/Content/EngineMaterials/DefaultPhysicalMaterial.uexp" 429
"../../../Engine/Content/Functions/Engine_MaterialFunctions02/Utility/BreakOutFloat2Components.uasset" 430
"../../../Engine/Content/Functions/Engine_MaterialFunctions02/Utility/BreakOutFloat2Components.uexp" 431
"../../../Engine/Content/EngineMaterials/DefaultPostProcessMaterial.uasset" 432
"../../../Engine/Content/EngineMaterials/DefaultPostProcessMaterial.uexp" 433
"../../../Engine/Content/EngineFonts/RobotoDistanceField.uasset" 434
"../../../Engine/Content/EngineFonts/RobotoDistanceField.uexp" 435
"../../../Engine/Content/EngineMaterials/DefaultTextMaterialOpaque.uasset" 436
"../../../Engine/Content/EngineMaterials/DefaultTextMaterialOpaque.uexp" 437
"../../../Engine/Content/EngineMaterials/DefaultWhiteGrid.uasset" 438
"../../../Engine/Content/EngineMaterials/DefaultWhiteGrid.uexp" 439
"../../../Engine/Content/EngineMaterials/DefaultWhiteGrid.ubulk" 440
"../../../Engine/Content/EngineMaterials/DefaultWhiteGrid_Low.uasset" 441
"../../../Engine/Content/EngineMaterials/DefaultWhiteGrid_Low.uexp" 442
"../../../Engine/Content/EngineMaterials/EmissiveMeshMaterial.uasset" 443
"../../../Engine/Content/EngineMaterials/EmissiveMeshMaterial.uexp" 444
"../../../Engine/Content/EngineMaterials/GizmoMaterial.uasset" 445
"../../../Engine/Content/EngineMaterials/GizmoMaterial.uexp" 446
"../../../Engine/Content/EngineMaterials/Good64x64TilingNoiseHighFreq.uasset" 447
"../../../Engine/Content/EngineMaterials/Good64x64TilingNoiseHighFreq.uexp" 448
"../../../Engine/Content/EngineMaterials/MiniFont.uasset" 449
"../../../Engine/Content/EngineMaterials/MiniFont.uexp" 450
"../../../Engine/Content/EngineMaterials/InvalidLightmapSettings.uasset" 451
"../../../Engine/Content/EngineMaterials/InvalidLightmapSettings.uexp" 452
"../../../Engine/Content/EngineMaterials/InvalidLightmapSettings.ubulk" 453
"../../../Engine/Content/EngineMaterials/M_InvalidLightmapSettings.uasset" 454
"../../../Engine/Content/EngineMaterials/M_InvalidLightmapSettings.uexp" 455
"../../../Engine/Content/Functions/Engine_MaterialFunctions02/WorldPositionOffset/CameraOffset.uasset" 456
"../../../Engine/Content/Functions/Engine_MaterialFunctions02/WorldPositionOffset/CameraOffset.uexp" 457
"../../../Engine/Content/EngineMaterials/PhAT_JointLimitMaterial.uasset" 458
"../../../Engine/Content/EngineMaterials/PhAT_JointLimitMaterial.uexp" 459
"../../../Engine/Content/EngineMaterials/DefaultCalibrationColor.uasset" 460
"../../../Engine/Content/EngineMaterials/DefaultCalibrationColor.uexp" 461
"../../../Engine/Content/EngineMaterials/PPM_DefaultCalibrationColor.uasset" 462
"../../../Engine/Content/EngineMaterials/PPM_DefaultCalibrationColor.uexp" 463
"../../../Engine/Content/EngineMaterials/DefaultCalibrationGrayscale.uasset" 464
"../../../Engine/Content/EngineMaterials/DefaultCalibrationGrayscale.uexp" 465
"../../../Engine/Content/EngineMaterials/PPM_DefaultCalibrationGrayscale.uasset" 466
"../../../Engine/Content/EngineMaterials/PPM_DefaultCalibrationGrayscale.uexp" 467
"../../../Engine/Content/EngineMaterials/PreintegratedSkinBRDF.uasset" 468
"../../../Engine/Content/EngineMaterials/PreintegratedSkinBRDF.uexp" 469
"../../../Engine/Content/EngineMaterials/RemoveSurfaceMaterial.uasset" 470
"../../../Engine/Content/EngineMaterials/RemoveSurfaceMaterial.uexp" 471
"../../../Engine/Content/EngineMaterials/WeightMapPlaceholderTexture.uasset" 472
"../../../Engine/Content/EngineMaterials/WeightMapPlaceholderTexture.uexp" 473
"../../../Engine/Content/EngineResources/WhiteSquareTexture.uasset" 474
"../../../Engine/Content/EngineResources/WhiteSquareTexture.uexp" 475
"../../../Engine/Content/EngineMaterials/Widget3DPassThrough.uasset" 476
"../../../Engine/Content/EngineMaterials/Widget3DPassThrough.uexp" 477
"../../../Engine/Content/EngineMaterials/Widget3DPassThrough_Masked.uasset" 478
"../../../Engine/Content/EngineMaterials/Widget3DPassThrough_Masked.uexp" 479
"../../../Engine/Content/EngineMaterials/Widget3DPassThrough_Opaque.uasset" 480
"../../../Engine/Content/EngineMaterials/Widget3DPassThrough_Opaque.uexp" 481
"../../../Engine/Content/EngineMaterials/Widget3DPassThrough_Masked_OneSided.uasset" 482
"../../../Engine/Content/EngineMaterials/Widget3DPassThrough_Masked_OneSided.uexp" 483
"../../../Engine/Content/EngineMaterials/Widget3DPassThrough_Opaque_OneSided.uasset" 484
"../../../Engine/Content/EngineMaterials/Widget3DPassThrough_Opaque_OneSided.uexp" 485
"../../../Engine/Content/EngineMaterials/Widget3DPassThrough_Translucent.uasset" 486
"../../../Engine/Content/EngineMaterials/Widget3DPassThrough_Translucent.uexp" 487
"../../../Engine/Content/EngineMaterials/Widget3DPassThrough_Translucent_OneSided.uasset" 488
"../../../Engine/Content/EngineMaterials/Widget3DPassThrough_Translucent_OneSided.uexp" 489
"../../../Engine/Content/EngineMeshes/Cylinder.uasset" 490
"../../../Engine/Content/EngineMeshes/Cylinder.uexp" 491
"../../../Engine/Content/EngineMeshes/Sphere.uasset" 492
"../../../Engine/Content/EngineMeshes/Sphere.uexp" 493
"../../../Engine/Content/EngineResources/DefaultTexture.uasset" 494
"../../../Engine/Content/EngineResources/DefaultTexture.uexp" 495
"../../../Engine/Content/EngineResources/DefaultTexture.ubulk" 496
"../../../Engine/Content/EngineResources/DefaultTextureCube.uasset" 497
"../../../Engine/Content/EngineResources/DefaultTextureCube.uexp" 498
"../../../Engine/Content/EngineResources/DefaultVolumeTexture2D.uasset" 499
"../../../Engine/Content/EngineResources/DefaultVolumeTexture2D.uexp" 500
"../../../Engine/Content/EngineResources/DefaultVolumeTexture.uasset" 501
"../../../Engine/Content/EngineResources/DefaultVolumeTexture.uexp" 502
"../../../Engine/Content/EngineResources/GradientTexture0.uasset" 503
"../../../Engine/Content/EngineResources/GradientTexture0.uexp" 504
"../../../Engine/Content/EngineSky/VolumetricClouds/T_NoiseShape64.uasset" 505
"../../../Engine/Content/EngineSky/VolumetricClouds/T_NoiseShape64.uexp" 506
"../../../Engine/Content/EngineSky/VolumetricClouds/T_NoiseShape64.ubulk" 507
"../../../Engine/Content/EngineSky/VolumetricClouds/T_VolumeNoiseShape64.uasset" 508
"../../../Engine/Content/EngineSky/VolumetricClouds/T_VolumeNoiseShape64.uexp" 509
"../../../Engine/Content/EngineSky/VolumetricClouds/T_NoiseErosion.uasset" 510
"../../../Engine/Content/EngineSky/VolumetricClouds/T_NoiseErosion.uexp" 511
"../../../Engine/Content/EngineSky/VolumetricClouds/T_NoiseErosion.ubulk" 512
"../../../Engine/Content/EngineSky/VolumetricClouds/T_VolumeNoiseErosion32.uasset" 513
"../../../Engine/Content/EngineSky/VolumetricClouds/T_VolumeNoiseErosion32.uexp" 514
"../../../Engine/Content/EngineSky/VolumetricClouds/CloudWeatherTexture.uasset" 515
"../../../Engine/Content/EngineSky/VolumetricClouds/CloudWeatherTexture.uexp" 516
"../../../Engine/Content/EngineSky/VolumetricClouds/CloudGradientTexture.uasset" 517
"../../../Engine/Content/EngineSky/VolumetricClouds/CloudGradientTexture.uexp" 518
"../../../Engine/Content/Functions/Engine_MaterialFunctions02/Utility/MakeFloat2.uasset" 519
"../../../Engine/Content/Functions/Engine_MaterialFunctions02/Utility/MakeFloat2.uexp" 520
"../../../Engine/Content/EngineSky/VolumetricClouds/m_SimpleVolumetricCloud.uasset" 521
"../../../Engine/Content/EngineSky/VolumetricClouds/m_SimpleVolumetricCloud.uexp" 522
"../../../Engine/Content/EngineSky/VolumetricClouds/m_SimpleVolumetricCloud_Inst.uasset" 523
"../../../Engine/Content/EngineSky/VolumetricClouds/m_SimpleVolumetricCloud_Inst.uexp" 524
"../../../Engine/Content/EngineSounds/Master.uasset" 525
"../../../Engine/Content/EngineSounds/Master.uexp" 526
"../../../Engine/Content/Functions/Engine_MaterialFunctions01/Shading/PowerToRoughness.uasset" 527
"../../../Engine/Content/Functions/Engine_MaterialFunctions01/Shading/PowerToRoughness.uexp" 528
"../../../Engine/Content/Maps/Templates/Thumbnails/Default.uasset" 529
"../../../Engine/Content/Maps/Templates/Thumbnails/Default.uexp" 530
"../../../Engine/Content/Maps/Templates/Thumbnails/TimeOfDay.uasset" 531
"../../../Engine/Content/Maps/Templates/Thumbnails/TimeOfDay.uexp" 532
"../../../Engine/Content/Maps/Templates/Thumbnails/VR-Basic.uasset" 533
"../../../Engine/Content/Maps/Templates/Thumbnails/VR-Basic.uexp" 534
"../../../Engine/Content/MobileResources/T_MobileControls_texture.uasset" 535
"../../../Engine/Content/MobileResources/T_MobileControls_texture.uexp" 536
"../../../Engine/Content/MobileResources/T_MobileMenu2.uasset" 537
"../../../Engine/Content/MobileResources/T_MobileMenu2.uexp" 538
"../../../Engine/Content/MobileResources/HUD/AnalogHat.uasset" 539
"../../../Engine/Content/MobileResources/HUD/AnalogHat.uexp" 540
"../../../Engine/Content/MobileResources/HUD/VirtualJoystick_Thumb.uasset" 541
"../../../Engine/Content/MobileResources/HUD/VirtualJoystick_Thumb.uexp" 542
"../../../Engine/Content/MobileResources/HUD/VirtualJoystick_Background.uasset" 543
"../../../Engine/Content/MobileResources/HUD/VirtualJoystick_Background.uexp" 544
"../../../Engine/Content/MobileResources/HUD/DefaultVirtualJoysticks.uasset" 545
"../../../Engine/Content/MobileResources/HUD/DefaultVirtualJoysticks.uexp" 546
"../../../Engine/Content/MobileResources/HUD/LeftVirtualJoystickOnly.uasset" 547
"../../../Engine/Content/MobileResources/HUD/LeftVirtualJoystickOnly.uexp" 548
"../../../Engine/Content/MobileResources/HUD/MobileHUDButton1_off.uasset" 549
"../../../Engine/Content/MobileResources/HUD/MobileHUDButton1_off.uexp" 550
"../../../Engine/Content/MobileResources/HUD/MobileHUDButton1_on.uasset" 551
"../../../Engine/Content/MobileResources/HUD/MobileHUDButton1_on.uexp" 552
"../../../Engine/Content/MobileResources/HUD/MobileHUDButton2_off.uasset" 553
"../../../Engine/Content/MobileResources/HUD/MobileHUDButton2_off.uexp" 554
"../../../Engine/Content/MobileResources/HUD/MobileHUDButton2_on.uasset" 555
"../../../Engine/Content/MobileResources/HUD/MobileHUDButton2_on.uexp" 556
"../../../Engine/Content/MobileResources/HUD/MobileHUDButton3.uasset" 557
"../../../Engine/Content/MobileResources/HUD/MobileHUDButton3.uexp" 558
"../../../Engine/Content/MobileResources/HUD/MobileHUDButtonFire.uasset" 559
"../../../Engine/Content/MobileResources/HUD/MobileHUDButtonFire.uexp" 560
"../../../Engine/Content/MobileResources/HUD/MobileHUDDirectionPad.uasset" 561
"../../../Engine/Content/MobileResources/HUD/MobileHUDDirectionPad.uexp" 562
"../../../Engine/Content/MobileResources/HUD/MobileHUDDirectionPad2.uasset" 563
"../../../Engine/Content/MobileResources/HUD/MobileHUDDirectionPad2.uexp" 564
"../../../Engine/Content/MobileResources/HUD/MobileHUDDirectionPad3.uasset" 565
"../../../Engine/Content/MobileResources/HUD/MobileHUDDirectionPad3.uexp" 566
"../../../Engine/Content/MobileResources/HUD/MobileHUDDirectionStick.uasset" 567
"../../../Engine/Content/MobileResources/HUD/MobileHUDDirectionStick.uexp" 568
"../../../Engine/Content/MobileResources/HUD/T_Castle_ThumbstickInner.uasset" 569
"../../../Engine/Content/MobileResources/HUD/T_Castle_ThumbstickInner.uexp" 570
"../../../Engine/Content/MobileResources/HUD/T_Castle_ThumbstickOutter.uasset" 571
"../../../Engine/Content/MobileResources/HUD/T_Castle_ThumbstickOutter.uexp" 572
"../../../Engine/Content/Tutorial/ContentIntroCurve.uasset" 573
"../../../Engine/Content/Tutorial/ContentIntroCurve.uexp" 574
"../../../Engine/Content/VREditor/TransformGizmo/TranslucentTransformGizmoMaterial.uasset" 575
"../../../Engine/Content/VREditor/TransformGizmo/TranslucentTransformGizmoMaterial.uexp" 576
"../../../Engine/Content/VREditor/LaserPointer/VR_LaserPower_01.uasset" 577
"../../../Engine/Content/VREditor/LaserPointer/VR_LaserPower_01.uexp" 578
"../../../Engine/Content/VREditor/LaserPointer/VR_LaserPower_01.ubulk" 579
"../../../Engine/Content/VREditor/TransformGizmo/TransformGizmoMaterial.uasset" 580
"../../../Engine/Content/VREditor/TransformGizmo/TransformGizmoMaterial.uexp" 581
"../../../Engine/Content/VREditor/TransformGizmo/BoundingBoxCorner.uasset" 582
"../../../Engine/Content/VREditor/TransformGizmo/BoundingBoxCorner.uexp" 583
"../../../Engine/Content/VREditor/TransformGizmo/BoundingBoxEdge.uasset" 584
"../../../Engine/Content/VREditor/TransformGizmo/BoundingBoxEdge.uexp" 585
"../../../Engine/Content/VREditor/TransformGizmo/PlaneTranslationHandle.uasset" 586
"../../../Engine/Content/VREditor/TransformGizmo/PlaneTranslationHandle.uexp" 587
"../../../Engine/Content/VREditor/TransformGizmo/Xray.uasset" 588
"../../../Engine/Content/VREditor/TransformGizmo/Xray.uexp" 589
"../../../Engine/Content/VREditor/TransformGizmo/Main.uasset" 590
"../../../Engine/Content/VREditor/TransformGizmo/Main.uexp" 591
"../../../Engine/Content/VREditor/TransformGizmo/SM_Sequencer_Key.uasset" 592
"../../../Engine/Content/VREditor/TransformGizmo/SM_Sequencer_Key.uexp" 593
"../../../Engine/Content/VREditor/TransformGizmo/SM_Sequencer_Node.uasset" 594
"../../../Engine/Content/VREditor/TransformGizmo/SM_Sequencer_Node.uexp" 595
"../../../Engine/Plugins/2D/Paper2D/Content/PlaceholderTextures/DummySpriteTexture.uasset" 596
"../../../Engine/Plugins/2D/Paper2D/Content/PlaceholderTextures/DummySpriteTexture.uexp" 597
"../../../Engine/Plugins/2D/Paper2D/Content/PlaceholderTextures/DummySpriteTexture.ubulk" 598
"../../../Engine/Plugins/2D/Paper2D/Content/DummySprite.uasset" 599
"../../../Engine/Plugins/2D/Paper2D/Content/DummySprite.uexp" 600
"../../../Engine/Plugins/2D/Paper2D/Content/DefaultPaperTerrainMaterial.uasset" 601
"../../../Engine/Plugins/2D/Paper2D/Content/DefaultPaperTerrainMaterial.uexp" 602
"../../../Engine/Plugins/2D/Paper2D/Content/DefaultSpriteMaterial.uasset" 603
"../../../Engine/Plugins/2D/Paper2D/Content/DefaultSpriteMaterial.uexp" 604
"../../../Engine/Plugins/2D/Paper2D/Content/MaskedUnlitSpriteMaterial.uasset" 605
"../../../Engine/Plugins/2D/Paper2D/Content/MaskedUnlitSpriteMaterial.uexp" 606
"../../../Engine/Plugins/2D/Paper2D/Content/OpaqueUnlitSpriteMaterial.uasset" 607
"../../../Engine/Plugins/2D/Paper2D/Content/OpaqueUnlitSpriteMaterial.uexp" 608
"../../../Engine/Content/Functions/Engine_MaterialFunctions02/Utility/VectorLength.uasset" 609
"../../../Engine/Content/Functions/Engine_MaterialFunctions02/Utility/VectorLength.uexp" 610
"../../../Engine/Content/Functions/Engine_MaterialFunctions02/ObjectLocalBounds.uasset" 611
"../../../Engine/Content/Functions/Engine_MaterialFunctions02/ObjectLocalBounds.uexp" 612
"../../../Engine/Content/Functions/Engine_MaterialFunctions02/WorldPositionOffset/ObjectScale.uasset" 613
"../../../Engine/Content/Functions/Engine_MaterialFunctions02/WorldPositionOffset/ObjectScale.uexp" 614
"../../../Engine/Content/Functions/Engine_MaterialFunctions02/Utility/BreakOutFloat3Components.uasset" 615
"../../../Engine/Content/Functions/Engine_MaterialFunctions02/Utility/BreakOutFloat3Components.uexp" 616
"../../../Engine/Plugins/Editor/SpeedTreeImporter/Content/SpeedTree9/UnpackInteger3.uasset" 617
"../../../Engine/Plugins/Editor/SpeedTreeImporter/Content/SpeedTree9/UnpackInteger3.uexp" 618
"../../../Engine/Plugins/Editor/SpeedTreeImporter/Content/SpeedTree9/UnpackDirection.uasset" 619
"../../../Engine/Plugins/Editor/SpeedTreeImporter/Content/SpeedTree9/UnpackDirection.uexp" 620
"../../../Engine/Plugins/Editor/SpeedTreeImporter/Content/SpeedTree9/game_wind_noise.uasset" 621
"../../../Engine/Plugins/Editor/SpeedTreeImporter/Content/SpeedTree9/game_wind_noise.uexp" 622
"../../../Engine/Plugins/Editor/SpeedTreeImporter/Content/SpeedTree9/game_wind_noise.ubulk" 623
"../../../Engine/Content/Functions/Engine_MaterialFunctions02/SafeNormalize.uasset" 624
"../../../Engine/Content/Functions/Engine_MaterialFunctions02/SafeNormalize.uexp" 625
"../../../Engine/Plugins/Editor/SpeedTreeImporter/Content/SpeedTree9/SpeedTreeWindMotion.uasset" 626
"../../../Engine/Plugins/Editor/SpeedTreeImporter/Content/SpeedTree9/SpeedTreeWindMotion.uexp" 627
"../../../Engine/Plugins/Editor/SpeedTreeImporter/Content/SpeedTree9/SpeedTreeBranchMotion.uasset" 628
"../../../Engine/Plugins/Editor/SpeedTreeImporter/Content/SpeedTree9/SpeedTreeBranchMotion.uexp" 629
"../../../Engine/Content/Functions/Engine_MaterialFunctions02/UVs/BoundingBoxBased_0-1_UVW.uasset" 630
"../../../Engine/Content/Functions/Engine_MaterialFunctions02/UVs/BoundingBoxBased_0-1_UVW.uexp" 631
"../../../Engine/Plugins/Editor/SpeedTreeImporter/Content/SpeedTree9/SpeedTreeWind.uasset" 632
"../../../Engine/Plugins/Editor/SpeedTreeImporter/Content/SpeedTree9/SpeedTreeWind.uexp" 633
"../../../Engine/Plugins/Editor/SpeedTreeImporter/Content/SpeedTree9/SpeedTreeBillboard.uasset" 634
"../../../Engine/Plugins/Editor/SpeedTreeImporter/Content/SpeedTree9/SpeedTreeBillboard.uexp" 635
"../../../Engine/Plugins/Editor/SpeedTreeImporter/Content/SpeedTree9/EmptyNormal.uasset" 636
"../../../Engine/Plugins/Editor/SpeedTreeImporter/Content/SpeedTree9/EmptyNormal.uexp" 637
"../../../Engine/Plugins/Editor/SpeedTreeImporter/Content/SpeedTree9/Empty.uasset" 638
"../../../Engine/Plugins/Editor/SpeedTreeImporter/Content/SpeedTree9/Empty.uexp" 639
"../../../Engine/Plugins/Editor/SpeedTreeImporter/Content/SpeedTree9/SpeedTreeBillboardMaster.uasset" 640
"../../../Engine/Plugins/Editor/SpeedTreeImporter/Content/SpeedTree9/SpeedTreeBillboardMaster.uexp" 641
"../../../Engine/Plugins/Editor/SpeedTreeImporter/Content/SpeedTree9/SpeedTreeCameraFacing.uasset" 642
"../../../Engine/Plugins/Editor/SpeedTreeImporter/Content/SpeedTree9/SpeedTreeCameraFacing.uexp" 643
"../../../Engine/Plugins/Editor/SpeedTreeImporter/Content/SpeedTree9/SpeedTreeMaster.uasset" 644
"../../../Engine/Plugins/Editor/SpeedTreeImporter/Content/SpeedTree9/SpeedTreeMaster.uexp" 645
"../../../Engine/Content/BasicShapes/Cylinder.uasset" 646
"../../../Engine/Content/BasicShapes/Cylinder.uexp" 647
"../../../Engine/Content/ArtTools/RenderToTexture/Materials/Debug/M_Emissive_Color.uasset" 648
"../../../Engine/Content/ArtTools/RenderToTexture/Materials/Debug/M_Emissive_Color.uexp" 649
"../../../Engine/Plugins/Lumin/MagicLeapPassableWorld/Content/MagicLeapARPinInfoActor.uasset" 650
"../../../Engine/Plugins/Lumin/MagicLeapPassableWorld/Content/MagicLeapARPinInfoActor.uexp" 651
"../../../Engine/Plugins/Runtime/OpenXR/Content/Devices/GoogleDaydream/MRTexture.uasset" 652
"../../../Engine/Plugins/Runtime/OpenXR/Content/Devices/GoogleDaydream/MRTexture.uexp" 653
"../../../Engine/Plugins/Runtime/OpenXR/Content/Devices/GoogleDaydream/MRTexture.ubulk" 654
"../../../Engine/Plugins/Runtime/OpenXR/Content/Devices/GoogleDaydream/BaseTexture.uasset" 655
"../../../Engine/Plugins/Runtime/OpenXR/Content/Devices/GoogleDaydream/BaseTexture.uexp" 656
"../../../Engine/Plugins/Runtime/OpenXR/Content/Devices/GoogleDaydream/BaseTexture.ubulk" 657
"../../../Engine/Content/EngineResources/Black.uasset" 658
"../../../Engine/Content/EngineResources/Black.uexp" 659
"../../../Engine/Plugins/Runtime/OpenXR/Content/Devices/M_XRController.uasset" 660
"../../../Engine/Plugins/Runtime/OpenXR/Content/Devices/M_XRController.uexp" 661
"../../../Engine/Plugins/Runtime/OpenXR/Content/Devices/GoogleDaydream/MI_GoogleDaydream.uasset" 662
"../../../Engine/Plugins/Runtime/OpenXR/Content/Devices/GoogleDaydream/MI_GoogleDaydream.uexp" 663
"../../../Engine/Plugins/Runtime/OpenXR/Content/Devices/GoogleDaydream/GoogleDaydreamController.uasset" 664
"../../../Engine/Plugins/Runtime/OpenXR/Content/Devices/GoogleDaydream/GoogleDaydreamController.uexp" 665
"../../../Engine/Plugins/Runtime/OpenXR/Content/Devices/HTCVive/BaseTexture.uasset" 666
"../../../Engine/Plugins/Runtime/OpenXR/Content/Devices/HTCVive/BaseTexture.uexp" 667
"../../../Engine/Plugins/Runtime/OpenXR/Content/Devices/HTCVive/BaseTexture.ubulk" 668
"../../../Engine/Plugins/Runtime/OpenXR/Content/Devices/HTCVive/MI_HTCVive.uasset" 669
"../../../Engine/Plugins/Runtime/OpenXR/Content/Devices/HTCVive/MI_HTCVive.uexp" 670
"../../../Engine/Plugins/Runtime/OpenXR/Content/Devices/HTCVive/HTCViveController.uasset" 671
"../../../Engine/Plugins/Runtime/OpenXR/Content/Devices/HTCVive/HTCViveController.uexp" 672
"../../../Engine/Plugins/Runtime/OpenXR/Content/Devices/MicrosoftMixedReality/NormalTexture.uasset" 673
"../../../Engine/Plugins/Runtime/OpenXR/Content/Devices/MicrosoftMixedReality/NormalTexture.uexp" 674
"../../../Engine/Plugins/Runtime/OpenXR/Content/Devices/MicrosoftMixedReality/NormalTexture.ubulk" 675
"../../../Engine/Plugins/Runtime/OpenXR/Content/Devices/MicrosoftMixedReality/MRTexture.uasset" 676
"../../../Engine/Plugins/Runtime/OpenXR/Content/Devices/MicrosoftMixedReality/MRTexture.uexp" 677
"../../../Engine/Plugins/Runtime/OpenXR/Content/Devices/MicrosoftMixedReality/MRTexture.ubulk" 678
"../../../Engine/Plugins/Runtime/OpenXR/Content/Devices/MicrosoftMixedReality/EmissiveTexture.uasset" 679
"../../../Engine/Plugins/Runtime/OpenXR/Content/Devices/MicrosoftMixedReality/EmissiveTexture.uexp" 680
"../../../Engine/Plugins/Runtime/OpenXR/Content/Devices/MicrosoftMixedReality/EmissiveTexture.ubulk" 681
"../../../Engine/Plugins/Runtime/OpenXR/Content/Devices/MicrosoftMixedReality/BaseTexture.uasset" 682
"../../../Engine/Plugins/Runtime/OpenXR/Content/Devices/MicrosoftMixedReality/BaseTexture.uexp" 683
"../../../Engine/Plugins/Runtime/OpenXR/Content/Devices/MicrosoftMixedReality/BaseTexture.ubulk" 684
"../../../Engine/Plugins/Runtime/OpenXR/Content/Devices/MicrosoftMixedReality/MI_MicrosoftMixedReality.uasset" 685
"../../../Engine/Plugins/Runtime/OpenXR/Content/Devices/MicrosoftMixedReality/MI_MicrosoftMixedReality.uexp" 686
"../../../Engine/Plugins/Runtime/OpenXR/Content/Devices/MicrosoftMixedReality/Left/left_MicrosoftMixedRealityController.uasset" 687
"../../../Engine/Plugins/Runtime/OpenXR/Content/Devices/MicrosoftMixedReality/Left/left_MicrosoftMixedRealityController.uexp" 688
"../../../Engine/Plugins/Runtime/OpenXR/Content/Devices/MicrosoftMixedReality/Right/right_MicrosoftMixedRealityController.uasset" 689
"../../../Engine/Plugins/Runtime/OpenXR/Content/Devices/MicrosoftMixedReality/Right/right_MicrosoftMixedRealityController.uexp" 690
"../../../Engine/Plugins/Runtime/OpenXR/Content/Devices/OculusGo/BaseTexture.uasset" 691
"../../../Engine/Plugins/Runtime/OpenXR/Content/Devices/OculusGo/BaseTexture.uexp" 692
"../../../Engine/Plugins/Runtime/OpenXR/Content/Devices/OculusGo/BaseTexture.ubulk" 693
"../../../Engine/Plugins/Runtime/OpenXR/Content/Devices/OculusGo/MI_OculusGo.uasset" 694
"../../../Engine/Plugins/Runtime/OpenXR/Content/Devices/OculusGo/MI_OculusGo.uexp" 695
"../../../Engine/Plugins/Runtime/OpenXR/Content/Devices/OculusGo/OculusGoController.uasset" 696
"../../../Engine/Plugins/Runtime/OpenXR/Content/Devices/OculusGo/OculusGoController.uexp" 697
"../../../Engine/Plugins/Runtime/OpenXR/Content/Devices/OculusTouch/MRTexture.uasset" 698
"../../../Engine/Plugins/Runtime/OpenXR/Content/Devices/OculusTouch/MRTexture.uexp" 699
"../../../Engine/Plugins/Runtime/OpenXR/Content/Devices/OculusTouch/MRTexture.ubulk" 700
"../../../Engine/Plugins/Runtime/OpenXR/Content/Devices/OculusTouch/BaseTexture.uasset" 701
"../../../Engine/Plugins/Runtime/OpenXR/Content/Devices/OculusTouch/BaseTexture.uexp" 702
"../../../Engine/Plugins/Runtime/OpenXR/Content/Devices/OculusTouch/BaseTexture.ubulk" 703
"../../../Engine/Plugins/Runtime/OpenXR/Content/Devices/OculusTouch/MI_OculusTouch.uasset" 704
"../../../Engine/Plugins/Runtime/OpenXR/Content/Devices/OculusTouch/MI_OculusTouch.uexp" 705
"../../../Engine/Plugins/Runtime/OpenXR/Content/Devices/OculusTouch/Left/left_OculusTouchController.uasset" 706
"../../../Engine/Plugins/Runtime/OpenXR/Content/Devices/OculusTouch/Left/left_OculusTouchController.uexp" 707
"../../../Engine/Plugins/Runtime/OpenXR/Content/Devices/OculusTouch/Right/right_OculusTouchController.uasset" 708
"../../../Engine/Plugins/Runtime/OpenXR/Content/Devices/OculusTouch/Right/right_OculusTouchController.uexp" 709
"../../../Engine/Plugins/Runtime/OpenXR/Content/Devices/OculusTouch_v2/MRTexture.uasset" 710
"../../../Engine/Plugins/Runtime/OpenXR/Content/Devices/OculusTouch_v2/MRTexture.uexp" 711
"../../../Engine/Plugins/Runtime/OpenXR/Content/Devices/OculusTouch_v2/MRTexture.ubulk" 712
"../../../Engine/Plugins/Runtime/OpenXR/Content/Devices/OculusTouch_v2/BaseTexture.uasset" 713
"../../../Engine/Plugins/Runtime/OpenXR/Content/Devices/OculusTouch_v2/BaseTexture.uexp" 714
"../../../Engine/Plugins/Runtime/OpenXR/Content/Devices/OculusTouch_v2/BaseTexture.ubulk" 715
"../../../Engine/Plugins/Runtime/OpenXR/Content/Devices/OculusTouch_v2/MI_OculusTouch_v2.uasset" 716
"../../../Engine/Plugins/Runtime/OpenXR/Content/Devices/OculusTouch_v2/MI_OculusTouch_v2.uexp" 717
"../../../Engine/Plugins/Runtime/OpenXR/Content/Devices/OculusTouch_v2/Left/left_OculusTouch_v2Controller.uasset" 718
"../../../Engine/Plugins/Runtime/OpenXR/Content/Devices/OculusTouch_v2/Left/left_OculusTouch_v2Controller.uexp" 719
"../../../Engine/Plugins/Runtime/OpenXR/Content/Devices/OculusTouch_v2/Right/right_OculusTouch_v2Controller.uasset" 720
"../../../Engine/Plugins/Runtime/OpenXR/Content/Devices/OculusTouch_v2/Right/right_OculusTouch_v2Controller.uexp" 721
"../../../Engine/Plugins/Runtime/OpenXR/Content/Devices/OculusTouch_v3/MRTexture.uasset" 722
"../../../Engine/Plugins/Runtime/OpenXR/Content/Devices/OculusTouch_v3/MRTexture.uexp" 723
"../../../Engine/Plugins/Runtime/OpenXR/Content/Devices/OculusTouch_v3/MRTexture.ubulk" 724
"../../../Engine/Plugins/Runtime/OpenXR/Content/Devices/OculusTouch_v3/BaseTexture.uasset" 725
"../../../Engine/Plugins/Runtime/OpenXR/Content/Devices/OculusTouch_v3/BaseTexture.uexp" 726
"../../../Engine/Plugins/Runtime/OpenXR/Content/Devices/OculusTouch_v3/BaseTexture.ubulk" 727
"../../../Engine/Plugins/Runtime/OpenXR/Content/Devices/OculusTouch_v3/MI_OculusTouch_v3.uasset" 728
"../../../Engine/Plugins/Runtime/OpenXR/Content/Devices/OculusTouch_v3/MI_OculusTouch_v3.uexp" 729
"../../../Engine/Plugins/Runtime/OpenXR/Content/Devices/OculusTouch_v3/Left/left_OculusTouch_v3Controller.uasset" 730
"../../../Engine/Plugins/Runtime/OpenXR/Content/Devices/OculusTouch_v3/Left/left_OculusTouch_v3Controller.uexp" 731
"../../../Engine/Plugins/Runtime/OpenXR/Content/Devices/OculusTouch_v3/Right/right_OculusTouch_v3Controller.uasset" 732
"../../../Engine/Plugins/Runtime/OpenXR/Content/Devices/OculusTouch_v3/Right/right_OculusTouch_v3Controller.uexp" 733
"../../../Engine/Plugins/Runtime/OpenXR/Content/Devices/ValveIndex/MRTexture.uasset" 734
"../../../Engine/Plugins/Runtime/OpenXR/Content/Devices/ValveIndex/MRTexture.uexp" 735
"../../../Engine/Plugins/Runtime/OpenXR/Content/Devices/ValveIndex/MRTexture.ubulk" 736
"../../../Engine/Plugins/Runtime/OpenXR/Content/Devices/ValveIndex/BaseTexture.uasset" 737
"../../../Engine/Plugins/Runtime/OpenXR/Content/Devices/ValveIndex/BaseTexture.uexp" 738
"../../../Engine/Plugins/Runtime/OpenXR/Content/Devices/ValveIndex/BaseTexture.ubulk" 739
"../../../Engine/Plugins/Runtime/OpenXR/Content/Devices/ValveIndex/Left/MI_left_ValveIndex.uasset" 740
"../../../Engine/Plugins/Runtime/OpenXR/Content/Devices/ValveIndex/Left/MI_left_ValveIndex.uexp" 741
"../../../Engine/Plugins/Runtime/OpenXR/Content/Devices/ValveIndex/Left/left_ValveIndexController.uasset" 742
"../../../Engine/Plugins/Runtime/OpenXR/Content/Devices/ValveIndex/Left/left_ValveIndexController.uexp" 743
"../../../Engine/Plugins/Runtime/OpenXR/Content/Devices/ValveIndex/Right/MI_right_ValveIndex.uasset" 744
"../../../Engine/Plugins/Runtime/OpenXR/Content/Devices/ValveIndex/Right/MI_right_ValveIndex.uexp" 745
"../../../Engine/Plugins/Runtime/OpenXR/Content/Devices/ValveIndex/Right/right_ValveIndexController.uasset" 746
"../../../Engine/Plugins/Runtime/OpenXR/Content/Devices/ValveIndex/Right/right_ValveIndexController.uexp" 747
"../../../Engine/Content/Functions/Engine_MaterialFunctions02/Utility/BreakOutFloat4Components.uasset" 748
"../../../Engine/Content/Functions/Engine_MaterialFunctions02/Utility/BreakOutFloat4Components.uexp" 749
"../../../Engine/Content/Functions/Engine_MaterialFunctions02/Utility/MakeFloat3.uasset" 750
"../../../Engine/Content/Functions/Engine_MaterialFunctions02/Utility/MakeFloat3.uexp" 751
"../../../Engine/Plugins/Runtime/Oculus/OculusVR/Content/Materials/OculusMR_ChromaKey.uasset" 752
"../../../Engine/Plugins/Runtime/Oculus/OculusVR/Content/Materials/OculusMR_ChromaKey.uexp" 753
"../../../Engine/Plugins/Runtime/Oculus/OculusVR/Content/Materials/OculusMR_OpaqueColoredMaterial.uasset" 754
"../../../Engine/Plugins/Runtime/Oculus/OculusVR/Content/Materials/OculusMR_OpaqueColoredMaterial.uexp" 755
"../../../Engine/Plugins/Runtime/Oculus/OculusVR/Content/Materials/PokeAHoleMaterial.uasset" 756
"../../../Engine/Plugins/Runtime/Oculus/OculusVR/Content/Materials/PokeAHoleMaterial.uexp" 757
"../../../Engine/Plugins/Runtime/Oculus/OculusVR/Content/Textures/touchController_controlmap.uasset" 758
"../../../Engine/Plugins/Runtime/Oculus/OculusVR/Content/Textures/touchController_controlmap.uexp" 759
"../../../Engine/Plugins/Runtime/Oculus/OculusVR/Content/Textures/touchController_controlmap.ubulk" 760
"../../../Engine/Plugins/Runtime/Oculus/OculusVR/Content/Textures/touchController_albedo.uasset" 761
"../../../Engine/Plugins/Runtime/Oculus/OculusVR/Content/Textures/touchController_albedo.uexp" 762
"../../../Engine/Plugins/Runtime/Oculus/OculusVR/Content/Textures/touchController_albedo.ubulk" 763
"../../../Engine/Plugins/Runtime/Oculus/OculusVR/Content/Materials/touchController_mat.uasset" 764
"../../../Engine/Plugins/Runtime/Oculus/OculusVR/Content/Materials/touchController_mat.uexp" 765
"../../../Engine/Plugins/Runtime/Oculus/OculusVR/Content/Meshes/LeftTouchController.uasset" 766
"../../../Engine/Plugins/Runtime/Oculus/OculusVR/Content/Meshes/LeftTouchController.uexp" 767
"../../../Engine/Plugins/Runtime/Oculus/OculusVR/Content/Textures/TouchForQuestRiftSController_albedo.uasset" 768
"../../../Engine/Plugins/Runtime/Oculus/OculusVR/Content/Textures/TouchForQuestRiftSController_albedo.uexp" 769
"../../../Engine/Plugins/Runtime/Oculus/OculusVR/Content/Textures/TouchForQuestRiftSController_albedo.ubulk" 770
"../../../Engine/Plugins/Runtime/Oculus/OculusVR/Content/Materials/TouchForQuestRiftSControllerMaterial.uasset" 771
"../../../Engine/Plugins/Runtime/Oculus/OculusVR/Content/Materials/TouchForQuestRiftSControllerMaterial.uexp" 772
"../../../Engine/Plugins/Runtime/Oculus/OculusVR/Content/Meshes/LeftTouchForQuestRiftSController.uasset" 773
"../../../Engine/Plugins/Runtime/Oculus/OculusVR/Content/Meshes/LeftTouchForQuestRiftSController.uexp" 774
"../../../Engine/Plugins/Runtime/Oculus/OculusVR/Content/Meshes/RiftHMD.uasset" 775
"../../../Engine/Plugins/Runtime/Oculus/OculusVR/Content/Meshes/RiftHMD.uexp" 776
"../../../Engine/Plugins/Runtime/Oculus/OculusVR/Content/Meshes/RightTouchController.uasset" 777
"../../../Engine/Plugins/Runtime/Oculus/OculusVR/Content/Meshes/RightTouchController.uexp" 778
"../../../Engine/Plugins/Runtime/Oculus/OculusVR/Content/Meshes/RightTouchForQuestRiftSController.uasset" 779
"../../../Engine/Plugins/Runtime/Oculus/OculusVR/Content/Meshes/RightTouchForQuestRiftSController.uexp" 780
"../../../Engine/Content/EditorMeshes/ColorCalibrator/M_GreyBall.uasset" 781
"../../../Engine/Content/EditorMeshes/ColorCalibrator/M_GreyBall.uexp" 782
"../../../Engine/Content/EditorMeshes/ColorCalibrator/Color_checker.uasset" 783
"../../../Engine/Content/EditorMeshes/ColorCalibrator/Color_checker.uexp" 784
"../../../Engine/Content/EditorMeshes/ColorCalibrator/Color_checker.ubulk" 785
"../../../Engine/Content/EditorMeshes/ColorCalibrator/M_ColorGrid.uasset" 786
"../../../Engine/Content/EditorMeshes/ColorCalibrator/M_ColorGrid.uexp" 787
"../../../Engine/Content/EditorMeshes/ColorCalibrator/M_ClearCoatBlack.uasset" 788
"../../../Engine/Content/EditorMeshes/ColorCalibrator/M_ClearCoatBlack.uexp" 789
"../../../Engine/Content/EditorMeshes/ColorCalibrator/M_ClearCoat.uasset" 790
"../../../Engine/Content/EditorMeshes/ColorCalibrator/M_ClearCoat.uexp" 791
"../../../Engine/Content/EditorMeshes/ColorCalibrator/M_ChromeBall.uasset" 792
"../../../Engine/Content/EditorMeshes/ColorCalibrator/M_ChromeBall.uexp" 793
"../../../Engine/Content/EditorMeshes/ColorCalibrator/SM_ColorCalibrator.uasset" 794
"../../../Engine/Content/EditorMeshes/ColorCalibrator/SM_ColorCalibrator.uexp" 795
"D:/KuroProject/AutoTest/KuroTask_AutoTest/Content/StarterContent/Maps/Advanced_Lighting_BuiltData.uasset" 796
"D:/KuroProject/AutoTest/KuroTask_AutoTest/Content/StarterContent/Maps/Advanced_Lighting_BuiltData.uexp" 797
"D:/KuroProject/AutoTest/KuroTask_AutoTest/Content/StarterContent/Maps/Advanced_Lighting_BuiltData.ubulk" 798
"D:/KuroProject/AutoTest/KuroTask_AutoTest/Content/StarterContent/HDRI/HDRI_Epic_Courtyard_Daylight.uasset" 799
"D:/KuroProject/AutoTest/KuroTask_AutoTest/Content/StarterContent/HDRI/HDRI_Epic_Courtyard_Daylight.uexp" 800
"../../../Engine/Content/MapTemplates/Sky/DaylightAmbientCubemap.uasset" 801
"../../../Engine/Content/MapTemplates/Sky/DaylightAmbientCubemap.uexp" 802
"D:/KuroProject/AutoTest/KuroTask_AutoTest/Content/StarterContent/Blueprints/Assets/M_LightStage_Skybox_Master.uasset" 803
"D:/KuroProject/AutoTest/KuroTask_AutoTest/Content/StarterContent/Blueprints/Assets/M_LightStage_Skybox_Master.uexp" 804
"D:/KuroProject/AutoTest/KuroTask_AutoTest/Content/StarterContent/Blueprints/Assets/M_LightStage_Skybox_HDRI.uasset" 805
"D:/KuroProject/AutoTest/KuroTask_AutoTest/Content/StarterContent/Blueprints/Assets/M_LightStage_Skybox_HDRI.uexp" 806
"D:/KuroProject/AutoTest/KuroTask_AutoTest/Content/StarterContent/Blueprints/Assets/M_LightStage_Arrows.uasset" 807
"D:/KuroProject/AutoTest/KuroTask_AutoTest/Content/StarterContent/Blueprints/Assets/M_LightStage_Arrows.uexp" 808
"D:/KuroProject/AutoTest/KuroTask_AutoTest/Content/StarterContent/Blueprints/Assets/SM_Arrows.uasset" 809
"D:/KuroProject/AutoTest/KuroTask_AutoTest/Content/StarterContent/Blueprints/Assets/SM_Arrows.uexp" 810
"../../../Engine/Content/EditorMaterials/Thumbnails/SkySphereMaterial.uasset" 811
"../../../Engine/Content/EditorMaterials/Thumbnails/SkySphereMaterial.uexp" 812
"D:/KuroProject/AutoTest/KuroTask_AutoTest/Content/StarterContent/Blueprints/Assets/Skybox.uasset" 813
"D:/KuroProject/AutoTest/KuroTask_AutoTest/Content/StarterContent/Blueprints/Assets/Skybox.uexp" 814
"D:/KuroProject/AutoTest/KuroTask_AutoTest/Content/StarterContent/Blueprints/Assets/M_LightStage_Skybox_Black.uasset" 815
"D:/KuroProject/AutoTest/KuroTask_AutoTest/Content/StarterContent/Blueprints/Assets/M_LightStage_Skybox_Black.uexp" 816
"D:/KuroProject/AutoTest/KuroTask_AutoTest/Content/StarterContent/Blueprints/Assets/SunlightColorLUT.uasset" 817
"D:/KuroProject/AutoTest/KuroTask_AutoTest/Content/StarterContent/Blueprints/Assets/SunlightColorLUT.uexp" 818
"D:/KuroProject/AutoTest/KuroTask_AutoTest/Content/StarterContent/Blueprints/Assets/FogBrightnessLUT.uasset" 819
"D:/KuroProject/AutoTest/KuroTask_AutoTest/Content/StarterContent/Blueprints/Assets/FogBrightnessLUT.uexp" 820
"D:/KuroProject/AutoTest/KuroTask_AutoTest/Content/StarterContent/Blueprints/BP_LightStudio.uasset" 821
"D:/KuroProject/AutoTest/KuroTask_AutoTest/Content/StarterContent/Blueprints/BP_LightStudio.uexp" 822
"D:/KuroProject/AutoTest/KuroTask_AutoTest/Content/StarterContent/Materials/M_AssetPlatform.uasset" 823
"D:/KuroProject/AutoTest/KuroTask_AutoTest/Content/StarterContent/Materials/M_AssetPlatform.uexp" 824
"D:/KuroProject/AutoTest/KuroTask_AutoTest/Content/StarterContent/Architecture/SM_AssetPlatform.uasset" 825
"D:/KuroProject/AutoTest/KuroTask_AutoTest/Content/StarterContent/Architecture/SM_AssetPlatform.uexp" 826
"D:/KuroProject/AutoTest/KuroTask_AutoTest/Content/StarterContent/Maps/Advanced_Lighting.uexp" 827
"D:/KuroProject/AutoTest/KuroTask_AutoTest/Content/StarterContent/Maps/Advanced_Lighting.umap" 828
"D:/KuroProject/AutoTest/KuroTask_AutoTest/Content/StarterContent/Textures/T_TableRound_N.uasset" 829
"D:/KuroProject/AutoTest/KuroTask_AutoTest/Content/StarterContent/Textures/T_TableRound_N.uexp" 830
"D:/KuroProject/AutoTest/KuroTask_AutoTest/Content/StarterContent/Textures/T_TableRound_N.ubulk" 831
"D:/KuroProject/AutoTest/KuroTask_AutoTest/Content/StarterContent/Textures/T_TableRound_M.uasset" 832
"D:/KuroProject/AutoTest/KuroTask_AutoTest/Content/StarterContent/Textures/T_TableRound_M.uexp" 833
"D:/KuroProject/AutoTest/KuroTask_AutoTest/Content/StarterContent/Textures/T_TableRound_M.ubulk" 834
"D:/KuroProject/AutoTest/KuroTask_AutoTest/Content/StarterContent/Props/Materials/M_TableRound.uasset" 835
"D:/KuroProject/AutoTest/KuroTask_AutoTest/Content/StarterContent/Props/Materials/M_TableRound.uexp" 836
"D:/KuroProject/AutoTest/KuroTask_AutoTest/Content/StarterContent/Props/SM_TableRound.uasset" 837
"D:/KuroProject/AutoTest/KuroTask_AutoTest/Content/StarterContent/Props/SM_TableRound.uexp" 838
"D:/KuroProject/AutoTest/KuroTask_AutoTest/Content/StarterContent/Textures/T_Statue_N.uasset" 839
"D:/KuroProject/AutoTest/KuroTask_AutoTest/Content/StarterContent/Textures/T_Statue_N.uexp" 840
"D:/KuroProject/AutoTest/KuroTask_AutoTest/Content/StarterContent/Textures/T_Statue_N.ubulk" 841
"D:/KuroProject/AutoTest/KuroTask_AutoTest/Content/StarterContent/Textures/T_Statue_M.uasset" 842
"D:/KuroProject/AutoTest/KuroTask_AutoTest/Content/StarterContent/Textures/T_Statue_M.uexp" 843
"D:/KuroProject/AutoTest/KuroTask_AutoTest/Content/StarterContent/Textures/T_Statue_M.ubulk" 844
"D:/KuroProject/AutoTest/KuroTask_AutoTest/Content/StarterContent/Props/Materials/M_Statue.uasset" 845
"D:/KuroProject/AutoTest/KuroTask_AutoTest/Content/StarterContent/Props/Materials/M_Statue.uexp" 846
"D:/KuroProject/AutoTest/KuroTask_AutoTest/Content/StarterContent/Props/Materials/M_StatueGlass.uasset" 847
"D:/KuroProject/AutoTest/KuroTask_AutoTest/Content/StarterContent/Props/Materials/M_StatueGlass.uexp" 848
"D:/KuroProject/AutoTest/KuroTask_AutoTest/Content/StarterContent/Props/SM_Statue.uasset" 849
"D:/KuroProject/AutoTest/KuroTask_AutoTest/Content/StarterContent/Props/SM_Statue.uexp" 850
"D:/KuroProject/AutoTest/KuroTask_AutoTest/Content/StarterContent/Props/SM_Chair.uasset" 851
"D:/KuroProject/AutoTest/KuroTask_AutoTest/Content/StarterContent/Props/SM_Chair.uexp" 852
"D:/KuroProject/AutoTest/KuroTask_AutoTest/Content/StarterContent/Textures/T_Metal_Copper_D.uasset" 853
"D:/KuroProject/AutoTest/KuroTask_AutoTest/Content/StarterContent/Textures/T_Metal_Copper_D.uexp" 854
"D:/KuroProject/AutoTest/KuroTask_AutoTest/Content/StarterContent/Textures/T_Metal_Copper_D.ubulk" 855
"D:/KuroProject/AutoTest/KuroTask_AutoTest/Content/StarterContent/Textures/T_Metal_Gold_N.uasset" 856
"D:/KuroProject/AutoTest/KuroTask_AutoTest/Content/StarterContent/Textures/T_Metal_Gold_N.uexp" 857
"D:/KuroProject/AutoTest/KuroTask_AutoTest/Content/StarterContent/Textures/T_Metal_Gold_N.ubulk" 858
"D:/KuroProject/AutoTest/KuroTask_AutoTest/Content/StarterContent/Textures/T_MacroVariation.uasset" 859
"D:/KuroProject/AutoTest/KuroTask_AutoTest/Content/StarterContent/Textures/T_MacroVariation.uexp" 860
"D:/KuroProject/AutoTest/KuroTask_AutoTest/Content/StarterContent/Materials/M_Metal_Copper.uasset" 861
"D:/KuroProject/AutoTest/KuroTask_AutoTest/Content/StarterContent/Materials/M_Metal_Copper.uexp" 862
"D:/KuroProject/AutoTest/KuroTask_AutoTest/Content/StarterContent/Textures/T_Metal_Aluminum_D.uasset" 863
"D:/KuroProject/AutoTest/KuroTask_AutoTest/Content/StarterContent/Textures/T_Metal_Aluminum_D.uexp" 864
"D:/KuroProject/AutoTest/KuroTask_AutoTest/Content/StarterContent/Textures/T_Metal_Aluminum_D.ubulk" 865
"D:/KuroProject/AutoTest/KuroTask_AutoTest/Content/StarterContent/Materials/M_Metal_Burnished_Steel.uasset" 866
"D:/KuroProject/AutoTest/KuroTask_AutoTest/Content/StarterContent/Materials/M_Metal_Burnished_Steel.uexp" 867
"D:/KuroProject/AutoTest/KuroTask_AutoTest/Content/StarterContent/Materials/M_Metal_Brushed_Nickel.uasset" 868
"D:/KuroProject/AutoTest/KuroTask_AutoTest/Content/StarterContent/Materials/M_Metal_Brushed_Nickel.uexp" 869
"../../../Engine/Content/EngineSky/T_Sky_Stars.uasset" 870
"../../../Engine/Content/EngineSky/T_Sky_Stars.uexp" 871
"../../../Engine/Content/EngineSky/T_Sky_Stars.ubulk" 872
"../../../Engine/Content/EngineSky/T_Sky_Clouds_M.uasset" 873
"../../../Engine/Content/EngineSky/T_Sky_Clouds_M.uexp" 874
"../../../Engine/Content/EngineSky/T_Sky_Clouds_M.ubulk" 875
"../../../Engine/Content/EngineSky/T_Sky_Blue.uasset" 876
"../../../Engine/Content/EngineSky/T_Sky_Blue.uexp" 877
"../../../Engine/Content/EngineSky/T_Sky_Blue.ubulk" 878
"../../../Engine/Content/EngineSky/M_Sky_Panning_Clouds2.uasset" 879
"../../../Engine/Content/EngineSky/M_Sky_Panning_Clouds2.uexp" 880
"D:/KuroProject/AutoTest/KuroTask_AutoTest/Content/StarterContent/Maps/Minimal_Default_BuiltData.uasset" 881
"D:/KuroProject/AutoTest/KuroTask_AutoTest/Content/StarterContent/Maps/Minimal_Default_BuiltData.uexp" 882
"D:/KuroProject/AutoTest/KuroTask_AutoTest/Content/StarterContent/Maps/Minimal_Default_BuiltData.ubulk" 883
"../../../Engine/Content/EditorBlueprintResources/StandardMacros.uasset" 884
"../../../Engine/Content/EditorBlueprintResources/StandardMacros.uexp" 885
"../../../Engine/Content/EngineSky/SM_SkySphere.uasset" 886
"../../../Engine/Content/EngineSky/SM_SkySphere.uexp" 887
"../../../Engine/Content/EngineSky/C_Sky_Zenith_Color.uasset" 888
"../../../Engine/Content/EngineSky/C_Sky_Zenith_Color.uexp" 889
"../../../Engine/Content/EngineSky/C_Sky_Horizon_Color.uasset" 890
"../../../Engine/Content/EngineSky/C_Sky_Horizon_Color.uexp" 891
"../../../Engine/Content/EngineSky/C_Sky_Cloud_Color.uasset" 892
"../../../Engine/Content/EngineSky/C_Sky_Cloud_Color.uexp" 893
"../../../Engine/Content/EngineSky/BP_Sky_Sphere.uasset" 894
"../../../Engine/Content/EngineSky/BP_Sky_Sphere.uexp" 895
"D:/KuroProject/AutoTest/KuroTask_AutoTest/Content/StarterContent/Audio/Starter_Background_Cue.uasset" 896
"D:/KuroProject/AutoTest/KuroTask_AutoTest/Content/StarterContent/Audio/Starter_Background_Cue.uexp" 897
"D:/KuroProject/AutoTest/KuroTask_AutoTest/Content/StarterContent/Architecture/Floor_400x400.uasset" 898
"D:/KuroProject/AutoTest/KuroTask_AutoTest/Content/StarterContent/Architecture/Floor_400x400.uexp" 899
"D:/KuroProject/AutoTest/KuroTask_AutoTest/Content/StarterContent/Maps/Minimal_Default.uexp" 900
"D:/KuroProject/AutoTest/KuroTask_AutoTest/Content/StarterContent/Maps/Minimal_Default.umap" 901
"D:/KuroProject/AutoTest/KuroTask_AutoTest/Content/StarterContent/Shapes/Shape_Sphere.uasset" 902
"D:/KuroProject/AutoTest/KuroTask_AutoTest/Content/StarterContent/Shapes/Shape_Sphere.uexp" 903
"D:/KuroProject/AutoTest/KuroTask_AutoTest/Content/StarterContent/Shapes/Shape_QuadPyramid.uasset" 904
"D:/KuroProject/AutoTest/KuroTask_AutoTest/Content/StarterContent/Shapes/Shape_QuadPyramid.uexp" 905
"D:/KuroProject/AutoTest/KuroTask_AutoTest/Content/StarterContent/Shapes/Shape_Cube.uasset" 906
"D:/KuroProject/AutoTest/KuroTask_AutoTest/Content/StarterContent/Shapes/Shape_Cube.uexp" 907
"D:/KuroProject/AutoTest/KuroTask_AutoTest/Content/StarterContent/Textures/T_Frame_N.uasset" 908
"D:/KuroProject/AutoTest/KuroTask_AutoTest/Content/StarterContent/Textures/T_Frame_N.uexp" 909
"D:/KuroProject/AutoTest/KuroTask_AutoTest/Content/StarterContent/Textures/T_Frame_N.ubulk" 910
"D:/KuroProject/AutoTest/KuroTask_AutoTest/Content/StarterContent/Textures/T_Frame_M.uasset" 911
"D:/KuroProject/AutoTest/KuroTask_AutoTest/Content/StarterContent/Textures/T_Frame_M.uexp" 912
"D:/KuroProject/AutoTest/KuroTask_AutoTest/Content/StarterContent/Textures/T_Frame_M.ubulk" 913
"D:/KuroProject/AutoTest/KuroTask_AutoTest/Content/StarterContent/Props/Materials/M_Frame.uasset" 914
"D:/KuroProject/AutoTest/KuroTask_AutoTest/Content/StarterContent/Props/Materials/M_Frame.uexp" 915
"D:/KuroProject/AutoTest/KuroTask_AutoTest/Content/StarterContent/Props/SM_WindowFrame.uasset" 916
"D:/KuroProject/AutoTest/KuroTask_AutoTest/Content/StarterContent/Props/SM_WindowFrame.uexp" 917
"D:/KuroProject/AutoTest/KuroTask_AutoTest/Content/StarterContent/Props/SM_PillarFrame300.uasset" 918
"D:/KuroProject/AutoTest/KuroTask_AutoTest/Content/StarterContent/Props/SM_PillarFrame300.uexp" 919
"D:/KuroProject/AutoTest/KuroTask_AutoTest/Content/StarterContent/Props/SM_PillarFrame.uasset" 920
"D:/KuroProject/AutoTest/KuroTask_AutoTest/Content/StarterContent/Props/SM_PillarFrame.uexp" 921
"D:/KuroProject/AutoTest/KuroTask_AutoTest/Content/StarterContent/Props/SM_GlassWindow.uasset" 922
"D:/KuroProject/AutoTest/KuroTask_AutoTest/Content/StarterContent/Props/SM_GlassWindow.uexp" 923
"D:/KuroProject/AutoTest/KuroTask_AutoTest/Content/StarterContent/Props/SM_DoorFrame.uasset" 924
"D:/KuroProject/AutoTest/KuroTask_AutoTest/Content/StarterContent/Props/SM_DoorFrame.uexp" 925
"D:/KuroProject/AutoTest/KuroTask_AutoTest/Content/StarterContent/Props/SM_CornerFrame.uasset" 926
"D:/KuroProject/AutoTest/KuroTask_AutoTest/Content/StarterContent/Props/SM_CornerFrame.uexp" 927
"D:/KuroProject/AutoTest/KuroTask_AutoTest/Content/StarterContent/Props/MaterialSphere.uasset" 928
"D:/KuroProject/AutoTest/KuroTask_AutoTest/Content/StarterContent/Props/MaterialSphere.uexp" 929
"D:/KuroProject/AutoTest/KuroTask_AutoTest/Content/StarterContent/Textures/T_Dust_Particle_D.uasset" 930
"D:/KuroProject/AutoTest/KuroTask_AutoTest/Content/StarterContent/Textures/T_Dust_Particle_D.uexp" 931
"D:/KuroProject/AutoTest/KuroTask_AutoTest/Content/StarterContent/Textures/T_Dust_Particle_D.ubulk" 932
"D:/KuroProject/AutoTest/KuroTask_AutoTest/Content/StarterContent/Particles/Materials/M_Dust_Particle.uasset" 933
"D:/KuroProject/AutoTest/KuroTask_AutoTest/Content/StarterContent/Particles/Materials/M_Dust_Particle.uexp" 934
"D:/KuroProject/AutoTest/KuroTask_AutoTest/Content/StarterContent/Particles/P_Ambient_Dust.uasset" 935
"D:/KuroProject/AutoTest/KuroTask_AutoTest/Content/StarterContent/Particles/P_Ambient_Dust.uexp" 936
"D:/KuroProject/AutoTest/KuroTask_AutoTest/Content/StarterContent/Textures/T_Wood_Walnut_N.uasset" 937
"D:/KuroProject/AutoTest/KuroTask_AutoTest/Content/StarterContent/Textures/T_Wood_Walnut_N.uexp" 938
"D:/KuroProject/AutoTest/KuroTask_AutoTest/Content/StarterContent/Textures/T_Wood_Walnut_N.ubulk" 939
"D:/KuroProject/AutoTest/KuroTask_AutoTest/Content/StarterContent/Textures/T_Wood_Walnut_D.uasset" 940
"D:/KuroProject/AutoTest/KuroTask_AutoTest/Content/StarterContent/Textures/T_Wood_Walnut_D.uexp" 941
"D:/KuroProject/AutoTest/KuroTask_AutoTest/Content/StarterContent/Textures/T_Wood_Walnut_D.ubulk" 942
"D:/KuroProject/AutoTest/KuroTask_AutoTest/Content/StarterContent/Materials/M_Wood_Walnut.uasset" 943
"D:/KuroProject/AutoTest/KuroTask_AutoTest/Content/StarterContent/Materials/M_Wood_Walnut.uexp" 944
"D:/KuroProject/AutoTest/KuroTask_AutoTest/Content/StarterContent/Textures/T_Wood_Pine_N.uasset" 945
"D:/KuroProject/AutoTest/KuroTask_AutoTest/Content/StarterContent/Textures/T_Wood_Pine_N.uexp" 946
"D:/KuroProject/AutoTest/KuroTask_AutoTest/Content/StarterContent/Textures/T_Wood_Pine_N.ubulk" 947
"D:/KuroProject/AutoTest/KuroTask_AutoTest/Content/StarterContent/Textures/T_Wood_Pine_D.uasset" 948
"D:/KuroProject/AutoTest/KuroTask_AutoTest/Content/StarterContent/Textures/T_Wood_Pine_D.uexp" 949
"D:/KuroProject/AutoTest/KuroTask_AutoTest/Content/StarterContent/Textures/T_Wood_Pine_D.ubulk" 950
"D:/KuroProject/AutoTest/KuroTask_AutoTest/Content/StarterContent/Textures/T_Perlin_Noise_M.uasset" 951
"D:/KuroProject/AutoTest/KuroTask_AutoTest/Content/StarterContent/Textures/T_Perlin_Noise_M.uexp" 952
"D:/KuroProject/AutoTest/KuroTask_AutoTest/Content/StarterContent/Textures/T_Perlin_Noise_M.ubulk" 953
"D:/KuroProject/AutoTest/KuroTask_AutoTest/Content/StarterContent/Materials/M_Wood_Pine.uasset" 954
"D:/KuroProject/AutoTest/KuroTask_AutoTest/Content/StarterContent/Materials/M_Wood_Pine.uexp" 955
"D:/KuroProject/AutoTest/KuroTask_AutoTest/Content/StarterContent/Textures/T_Wood_Oak_N.uasset" 956
"D:/KuroProject/AutoTest/KuroTask_AutoTest/Content/StarterContent/Textures/T_Wood_Oak_N.uexp" 957
"D:/KuroProject/AutoTest/KuroTask_AutoTest/Content/StarterContent/Textures/T_Wood_Oak_N.ubulk" 958
"D:/KuroProject/AutoTest/KuroTask_AutoTest/Content/StarterContent/Textures/T_Wood_Oak_D.uasset" 959
"D:/KuroProject/AutoTest/KuroTask_AutoTest/Content/StarterContent/Textures/T_Wood_Oak_D.uexp" 960
"D:/KuroProject/AutoTest/KuroTask_AutoTest/Content/StarterContent/Textures/T_Wood_Oak_D.ubulk" 961
"D:/KuroProject/AutoTest/KuroTask_AutoTest/Content/StarterContent/Materials/M_Wood_Oak.uasset" 962
"D:/KuroProject/AutoTest/KuroTask_AutoTest/Content/StarterContent/Materials/M_Wood_Oak.uexp" 963
"../../../Engine/Content/Functions/Engine_MaterialFunctions01/Opacity/AlphaOffset.uasset" 964
"../../../Engine/Content/Functions/Engine_MaterialFunctions01/Opacity/AlphaOffset.uexp" 965
"D:/KuroProject/AutoTest/KuroTask_AutoTest/Content/StarterContent/Textures/T_Wood_Floor_Walnut_N.uasset" 966
"D:/KuroProject/AutoTest/KuroTask_AutoTest/Content/StarterContent/Textures/T_Wood_Floor_Walnut_N.uexp" 967
"D:/KuroProject/AutoTest/KuroTask_AutoTest/Content/StarterContent/Textures/T_Wood_Floor_Walnut_N.ubulk" 968
"D:/KuroProject/AutoTest/KuroTask_AutoTest/Content/StarterContent/Textures/T_Wood_Floor_Walnut_M.uasset" 969
"D:/KuroProject/AutoTest/KuroTask_AutoTest/Content/StarterContent/Textures/T_Wood_Floor_Walnut_M.uexp" 970
"D:/KuroProject/AutoTest/KuroTask_AutoTest/Content/StarterContent/Textures/T_Wood_Floor_Walnut_M.ubulk" 971
"D:/KuroProject/AutoTest/KuroTask_AutoTest/Content/StarterContent/Textures/T_Wood_Floor_Walnut_D.uasset" 972
"D:/KuroProject/AutoTest/KuroTask_AutoTest/Content/StarterContent/Textures/T_Wood_Floor_Walnut_D.uexp" 973
"D:/KuroProject/AutoTest/KuroTask_AutoTest/Content/StarterContent/Textures/T_Wood_Floor_Walnut_D.ubulk" 974
"D:/KuroProject/AutoTest/KuroTask_AutoTest/Content/StarterContent/Materials/M_Wood_Floor_Walnut_Worn.uasset" 975
"D:/KuroProject/AutoTest/KuroTask_AutoTest/Content/StarterContent/Materials/M_Wood_Floor_Walnut_Worn.uexp" 976
"D:/KuroProject/AutoTest/KuroTask_AutoTest/Content/StarterContent/Materials/M_Wood_Floor_Walnut_Polished.uasset" 977
"D:/KuroProject/AutoTest/KuroTask_AutoTest/Content/StarterContent/Materials/M_Wood_Floor_Walnut_Polished.uexp" 978
"D:/KuroProject/AutoTest/KuroTask_AutoTest/Content/StarterContent/Textures/T_Water_M.uasset" 979
"D:/KuroProject/AutoTest/KuroTask_AutoTest/Content/StarterContent/Textures/T_Water_M.uexp" 980
"D:/KuroProject/AutoTest/KuroTask_AutoTest/Content/StarterContent/Textures/T_Water_M.ubulk" 981
"D:/KuroProject/AutoTest/KuroTask_AutoTest/Content/StarterContent/Textures/T_Water_N.uasset" 982
"D:/KuroProject/AutoTest/KuroTask_AutoTest/Content/StarterContent/Textures/T_Water_N.uexp" 983
"D:/KuroProject/AutoTest/KuroTask_AutoTest/Content/StarterContent/Textures/T_Water_N.ubulk" 984
"D:/KuroProject/AutoTest/KuroTask_AutoTest/Content/StarterContent/Materials/M_Water_Ocean.uasset" 985
"D:/KuroProject/AutoTest/KuroTask_AutoTest/Content/StarterContent/Materials/M_Water_Ocean.uexp" 986
"D:/KuroProject/AutoTest/KuroTask_AutoTest/Content/StarterContent/Materials/M_Water_Lake.uasset" 987
"D:/KuroProject/AutoTest/KuroTask_AutoTest/Content/StarterContent/Materials/M_Water_Lake.uexp" 988
"D:/KuroProject/AutoTest/KuroTask_AutoTest/Content/StarterContent/Textures/T_Tech_Panel_N.uasset" 989
"D:/KuroProject/AutoTest/KuroTask_AutoTest/Content/StarterContent/Textures/T_Tech_Panel_N.uexp" 990
"D:/KuroProject/AutoTest/KuroTask_AutoTest/Content/StarterContent/Textures/T_Tech_Panel_N.ubulk" 991
"D:/KuroProject/AutoTest/KuroTask_AutoTest/Content/StarterContent/Textures/T_Tech_Panel_M.uasset" 992
"D:/KuroProject/AutoTest/KuroTask_AutoTest/Content/StarterContent/Textures/T_Tech_Panel_M.uexp" 993
"D:/KuroProject/AutoTest/KuroTask_AutoTest/Content/StarterContent/Textures/T_Tech_Panel_M.ubulk" 994
"D:/KuroProject/AutoTest/KuroTask_AutoTest/Content/StarterContent/Textures/T_Metal_Steel_D.uasset" 995
"D:/KuroProject/AutoTest/KuroTask_AutoTest/Content/StarterContent/Textures/T_Metal_Steel_D.uexp" 996
"D:/KuroProject/AutoTest/KuroTask_AutoTest/Content/StarterContent/Textures/T_Metal_Steel_D.ubulk" 997
"D:/KuroProject/AutoTest/KuroTask_AutoTest/Content/StarterContent/Materials/M_Tech_Panel.uasset" 998
"D:/KuroProject/AutoTest/KuroTask_AutoTest/Content/StarterContent/Materials/M_Tech_Panel.uexp" 999
"D:/KuroProject/AutoTest/KuroTask_AutoTest/Content/StarterContent/Textures/T_Tech_Hex_Tile_N.uasset" 1000
"D:/KuroProject/AutoTest/KuroTask_AutoTest/Content/StarterContent/Textures/T_Tech_Hex_Tile_N.uexp" 1001
"D:/KuroProject/AutoTest/KuroTask_AutoTest/Content/StarterContent/Textures/T_Tech_Hex_Tile_N.ubulk" 1002
"D:/KuroProject/AutoTest/KuroTask_AutoTest/Content/StarterContent/Textures/T_Tech_Hex_Tile_M.uasset" 1003
"D:/KuroProject/AutoTest/KuroTask_AutoTest/Content/StarterContent/Textures/T_Tech_Hex_Tile_M.uexp" 1004
"D:/KuroProject/AutoTest/KuroTask_AutoTest/Content/StarterContent/Textures/T_Tech_Hex_Tile_M.ubulk" 1005
"D:/KuroProject/AutoTest/KuroTask_AutoTest/Content/StarterContent/Materials/M_Tech_Hex_Tile_Pulse.uasset" 1006
"D:/KuroProject/AutoTest/KuroTask_AutoTest/Content/StarterContent/Materials/M_Tech_Hex_Tile_Pulse.uexp" 1007
"D:/KuroProject/AutoTest/KuroTask_AutoTest/Content/StarterContent/Materials/M_Tech_Hex_Tile.uasset" 1008
"D:/KuroProject/AutoTest/KuroTask_AutoTest/Content/StarterContent/Materials/M_Tech_Hex_Tile.uexp" 1009
"D:/KuroProject/AutoTest/KuroTask_AutoTest/Content/StarterContent/Textures/T_Tech_Dot_N.uasset" 1010
"D:/KuroProject/AutoTest/KuroTask_AutoTest/Content/StarterContent/Textures/T_Tech_Dot_N.uexp" 1011
"D:/KuroProject/AutoTest/KuroTask_AutoTest/Content/StarterContent/Textures/T_Tech_Dot_N.ubulk" 1012
"D:/KuroProject/AutoTest/KuroTask_AutoTest/Content/StarterContent/Textures/T_Tech_Dot_M.uasset" 1013
"D:/KuroProject/AutoTest/KuroTask_AutoTest/Content/StarterContent/Textures/T_Tech_Dot_M.uexp" 1014
"D:/KuroProject/AutoTest/KuroTask_AutoTest/Content/StarterContent/Textures/T_Tech_Dot_M.ubulk" 1015
"D:/KuroProject/AutoTest/KuroTask_AutoTest/Content/StarterContent/Textures/T_Single_Tile_N.uasset" 1016
"D:/KuroProject/AutoTest/KuroTask_AutoTest/Content/StarterContent/Textures/T_Single_Tile_N.uexp" 1017
"D:/KuroProject/AutoTest/KuroTask_AutoTest/Content/StarterContent/Textures/T_Single_Tile_N.ubulk" 1018
"D:/KuroProject/AutoTest/KuroTask_AutoTest/Content/StarterContent/Textures/T_Checker_Noise_M.uasset" 1019
"D:/KuroProject/AutoTest/KuroTask_AutoTest/Content/StarterContent/Textures/T_Checker_Noise_M.uexp" 1020
"D:/KuroProject/AutoTest/KuroTask_AutoTest/Content/StarterContent/Textures/T_Checker_Noise_M.ubulk" 1021
"D:/KuroProject/AutoTest/KuroTask_AutoTest/Content/StarterContent/Materials/M_Tech_Checker_Dot.uasset" 1022
"D:/KuroProject/AutoTest/KuroTask_AutoTest/Content/StarterContent/Materials/M_Tech_Checker_Dot.uexp" 1023
"D:/KuroProject/AutoTest/KuroTask_AutoTest/Content/StarterContent/Textures/T_Rock_Slate_N.uasset" 1024
"D:/KuroProject/AutoTest/KuroTask_AutoTest/Content/StarterContent/Textures/T_Rock_Slate_N.uexp" 1025
"D:/KuroProject/AutoTest/KuroTask_AutoTest/Content/StarterContent/Textures/T_Rock_Slate_N.ubulk" 1026
"D:/KuroProject/AutoTest/KuroTask_AutoTest/Content/StarterContent/Textures/T_Rock_Slate_D.uasset" 1027
"D:/KuroProject/AutoTest/KuroTask_AutoTest/Content/StarterContent/Textures/T_Rock_Slate_D.uexp" 1028
"D:/KuroProject/AutoTest/KuroTask_AutoTest/Content/StarterContent/Textures/T_Rock_Slate_D.ubulk" 1029
"D:/KuroProject/AutoTest/KuroTask_AutoTest/Content/StarterContent/Materials/M_Rock_Slate.uasset" 1030
"D:/KuroProject/AutoTest/KuroTask_AutoTest/Content/StarterContent/Materials/M_Rock_Slate.uexp" 1031
"D:/KuroProject/AutoTest/KuroTask_AutoTest/Content/StarterContent/Textures/T_Rock_Sandstone_N.uasset" 1032
"D:/KuroProject/AutoTest/KuroTask_AutoTest/Content/StarterContent/Textures/T_Rock_Sandstone_N.uexp" 1033
"D:/KuroProject/AutoTest/KuroTask_AutoTest/Content/StarterContent/Textures/T_Rock_Sandstone_N.ubulk" 1034
"D:/KuroProject/AutoTest/KuroTask_AutoTest/Content/StarterContent/Textures/T_Rock_Sandstone_D.uasset" 1035
"D:/KuroProject/AutoTest/KuroTask_AutoTest/Content/StarterContent/Textures/T_Rock_Sandstone_D.uexp" 1036
"D:/KuroProject/AutoTest/KuroTask_AutoTest/Content/StarterContent/Textures/T_Rock_Sandstone_D.ubulk" 1037
"D:/KuroProject/AutoTest/KuroTask_AutoTest/Content/StarterContent/Materials/M_Rock_Sandstone.uasset" 1038
"D:/KuroProject/AutoTest/KuroTask_AutoTest/Content/StarterContent/Materials/M_Rock_Sandstone.uexp" 1039
"D:/KuroProject/AutoTest/KuroTask_AutoTest/Content/StarterContent/Textures/T_Rock_Marble_Polished_D.uasset" 1040
"D:/KuroProject/AutoTest/KuroTask_AutoTest/Content/StarterContent/Textures/T_Rock_Marble_Polished_D.uexp" 1041
"D:/KuroProject/AutoTest/KuroTask_AutoTest/Content/StarterContent/Textures/T_Rock_Marble_Polished_D.ubulk" 1042
"D:/KuroProject/AutoTest/KuroTask_AutoTest/Content/StarterContent/Materials/M_Rock_Marble_Polished.uasset" 1043
"D:/KuroProject/AutoTest/KuroTask_AutoTest/Content/StarterContent/Materials/M_Rock_Marble_Polished.uexp" 1044
"D:/KuroProject/AutoTest/KuroTask_AutoTest/Content/StarterContent/Textures/T_Rock_Basalt_N.uasset" 1045
"D:/KuroProject/AutoTest/KuroTask_AutoTest/Content/StarterContent/Textures/T_Rock_Basalt_N.uexp" 1046
"D:/KuroProject/AutoTest/KuroTask_AutoTest/Content/StarterContent/Textures/T_Rock_Basalt_N.ubulk" 1047
"D:/KuroProject/AutoTest/KuroTask_AutoTest/Content/StarterContent/Materials/M_Rock_Basalt.uasset" 1048
"D:/KuroProject/AutoTest/KuroTask_AutoTest/Content/StarterContent/Materials/M_Rock_Basalt.uexp" 1049
"D:/KuroProject/AutoTest/KuroTask_AutoTest/Content/StarterContent/Textures/T_Metal_Steel_N.uasset" 1050
"D:/KuroProject/AutoTest/KuroTask_AutoTest/Content/StarterContent/Textures/T_Metal_Steel_N.uexp" 1051
"D:/KuroProject/AutoTest/KuroTask_AutoTest/Content/StarterContent/Textures/T_Metal_Steel_N.ubulk" 1052
"D:/KuroProject/AutoTest/KuroTask_AutoTest/Content/StarterContent/Materials/M_Metal_Steel.uasset" 1053
"D:/KuroProject/AutoTest/KuroTask_AutoTest/Content/StarterContent/Materials/M_Metal_Steel.uexp" 1054
"D:/KuroProject/AutoTest/KuroTask_AutoTest/Content/StarterContent/Textures/T_Metal_Rust_D.uasset" 1055
"D:/KuroProject/AutoTest/KuroTask_AutoTest/Content/StarterContent/Textures/T_Metal_Rust_D.uexp" 1056
"D:/KuroProject/AutoTest/KuroTask_AutoTest/Content/StarterContent/Textures/T_Metal_Rust_D.ubulk" 1057
"D:/KuroProject/AutoTest/KuroTask_AutoTest/Content/StarterContent/Textures/T_Metal_Rust_N.uasset" 1058
"D:/KuroProject/AutoTest/KuroTask_AutoTest/Content/StarterContent/Textures/T_Metal_Rust_N.uexp" 1059
"D:/KuroProject/AutoTest/KuroTask_AutoTest/Content/StarterContent/Textures/T_Metal_Rust_N.ubulk" 1060
"D:/KuroProject/AutoTest/KuroTask_AutoTest/Content/StarterContent/Materials/M_Metal_Rust.uasset" 1061
"D:/KuroProject/AutoTest/KuroTask_AutoTest/Content/StarterContent/Materials/M_Metal_Rust.uexp" 1062
"D:/KuroProject/AutoTest/KuroTask_AutoTest/Content/StarterContent/Textures/T_Metal_Gold_D.uasset" 1063
"D:/KuroProject/AutoTest/KuroTask_AutoTest/Content/StarterContent/Textures/T_Metal_Gold_D.uexp" 1064
"D:/KuroProject/AutoTest/KuroTask_AutoTest/Content/StarterContent/Textures/T_Metal_Gold_D.ubulk" 1065
"D:/KuroProject/AutoTest/KuroTask_AutoTest/Content/StarterContent/Materials/M_Metal_Gold.uasset" 1066
"D:/KuroProject/AutoTest/KuroTask_AutoTest/Content/StarterContent/Materials/M_Metal_Gold.uexp" 1067
"D:/KuroProject/AutoTest/KuroTask_AutoTest/Content/StarterContent/Materials/M_Metal_Chrome.uasset" 1068
"D:/KuroProject/AutoTest/KuroTask_AutoTest/Content/StarterContent/Materials/M_Metal_Chrome.uexp" 1069
"D:/KuroProject/AutoTest/KuroTask_AutoTest/Content/StarterContent/Textures/T_Ground_Moss_N.uasset" 1070
"D:/KuroProject/AutoTest/KuroTask_AutoTest/Content/StarterContent/Textures/T_Ground_Moss_N.uexp" 1071
"D:/KuroProject/AutoTest/KuroTask_AutoTest/Content/StarterContent/Textures/T_Ground_Moss_N.ubulk" 1072
"D:/KuroProject/AutoTest/KuroTask_AutoTest/Content/StarterContent/Textures/T_ground_Moss_D.uasset" 1073
"D:/KuroProject/AutoTest/KuroTask_AutoTest/Content/StarterContent/Textures/T_ground_Moss_D.uexp" 1074
"D:/KuroProject/AutoTest/KuroTask_AutoTest/Content/StarterContent/Textures/T_ground_Moss_D.ubulk" 1075
"D:/KuroProject/AutoTest/KuroTask_AutoTest/Content/StarterContent/Materials/M_Ground_Moss.uasset" 1076
"D:/KuroProject/AutoTest/KuroTask_AutoTest/Content/StarterContent/Materials/M_Ground_Moss.uexp" 1077
"D:/KuroProject/AutoTest/KuroTask_AutoTest/Content/StarterContent/Textures/T_Ground_Gravel_N.uasset" 1078
"D:/KuroProject/AutoTest/KuroTask_AutoTest/Content/StarterContent/Textures/T_Ground_Gravel_N.uexp" 1079
"D:/KuroProject/AutoTest/KuroTask_AutoTest/Content/StarterContent/Textures/T_Ground_Gravel_N.ubulk" 1080
"D:/KuroProject/AutoTest/KuroTask_AutoTest/Content/StarterContent/Textures/T_Ground_Gravel_D.uasset" 1081
"D:/KuroProject/AutoTest/KuroTask_AutoTest/Content/StarterContent/Textures/T_Ground_Gravel_D.uexp" 1082
"D:/KuroProject/AutoTest/KuroTask_AutoTest/Content/StarterContent/Textures/T_Ground_Gravel_D.ubulk" 1083
"D:/KuroProject/AutoTest/KuroTask_AutoTest/Content/StarterContent/Materials/M_Ground_Gravel.uasset" 1084
"D:/KuroProject/AutoTest/KuroTask_AutoTest/Content/StarterContent/Materials/M_Ground_Gravel.uexp" 1085
"D:/KuroProject/AutoTest/KuroTask_AutoTest/Content/StarterContent/Textures/T_Ground_Grass_N.uasset" 1086
"D:/KuroProject/AutoTest/KuroTask_AutoTest/Content/StarterContent/Textures/T_Ground_Grass_N.uexp" 1087
"D:/KuroProject/AutoTest/KuroTask_AutoTest/Content/StarterContent/Textures/T_Ground_Grass_N.ubulk" 1088
"D:/KuroProject/AutoTest/KuroTask_AutoTest/Content/StarterContent/Textures/T_Ground_Grass_D.uasset" 1089
"D:/KuroProject/AutoTest/KuroTask_AutoTest/Content/StarterContent/Textures/T_Ground_Grass_D.uexp" 1090
"D:/KuroProject/AutoTest/KuroTask_AutoTest/Content/StarterContent/Textures/T_Ground_Grass_D.ubulk" 1091
"D:/KuroProject/AutoTest/KuroTask_AutoTest/Content/StarterContent/Materials/M_Ground_Grass.uasset" 1092
"D:/KuroProject/AutoTest/KuroTask_AutoTest/Content/StarterContent/Materials/M_Ground_Grass.uexp" 1093
"D:/KuroProject/AutoTest/KuroTask_AutoTest/Content/StarterContent/Textures/T_Concrete_Tiles_Variation_M.uasset" 1094
"D:/KuroProject/AutoTest/KuroTask_AutoTest/Content/StarterContent/Textures/T_Concrete_Tiles_Variation_M.uexp" 1095
"D:/KuroProject/AutoTest/KuroTask_AutoTest/Content/StarterContent/Textures/T_Concrete_Tiles_Variation_M.ubulk" 1096
"D:/KuroProject/AutoTest/KuroTask_AutoTest/Content/StarterContent/Textures/T_Concrete_Tiles_N.uasset" 1097
"D:/KuroProject/AutoTest/KuroTask_AutoTest/Content/StarterContent/Textures/T_Concrete_Tiles_N.uexp" 1098
"D:/KuroProject/AutoTest/KuroTask_AutoTest/Content/StarterContent/Textures/T_Concrete_Tiles_N.ubulk" 1099
"D:/KuroProject/AutoTest/KuroTask_AutoTest/Content/StarterContent/Textures/T_Concrete_Tiles_M.uasset" 1100
"D:/KuroProject/AutoTest/KuroTask_AutoTest/Content/StarterContent/Textures/T_Concrete_Tiles_M.uexp" 1101
"D:/KuroProject/AutoTest/KuroTask_AutoTest/Content/StarterContent/Textures/T_Concrete_Tiles_M.ubulk" 1102
"D:/KuroProject/AutoTest/KuroTask_AutoTest/Content/StarterContent/Textures/T_Concrete_Tiles_D.uasset" 1103
"D:/KuroProject/AutoTest/KuroTask_AutoTest/Content/StarterContent/Textures/T_Concrete_Tiles_D.uexp" 1104
"D:/KuroProject/AutoTest/KuroTask_AutoTest/Content/StarterContent/Textures/T_Concrete_Tiles_D.ubulk" 1105
"D:/KuroProject/AutoTest/KuroTask_AutoTest/Content/StarterContent/Materials/M_Concrete_Tiles.uasset" 1106
"D:/KuroProject/AutoTest/KuroTask_AutoTest/Content/StarterContent/Materials/M_Concrete_Tiles.uexp" 1107
"D:/KuroProject/AutoTest/KuroTask_AutoTest/Content/StarterContent/Textures/T_Concrete_Panels_N.uasset" 1108
"D:/KuroProject/AutoTest/KuroTask_AutoTest/Content/StarterContent/Textures/T_Concrete_Panels_N.uexp" 1109
"D:/KuroProject/AutoTest/KuroTask_AutoTest/Content/StarterContent/Textures/T_Concrete_Panels_N.ubulk" 1110
"D:/KuroProject/AutoTest/KuroTask_AutoTest/Content/StarterContent/Textures/T_Concrete_Panels_D.uasset" 1111
"D:/KuroProject/AutoTest/KuroTask_AutoTest/Content/StarterContent/Textures/T_Concrete_Panels_D.uexp" 1112
"D:/KuroProject/AutoTest/KuroTask_AutoTest/Content/StarterContent/Textures/T_Concrete_Panels_D.ubulk" 1113
"D:/KuroProject/AutoTest/KuroTask_AutoTest/Content/StarterContent/Materials/M_Concrete_Panels.uasset" 1114
"D:/KuroProject/AutoTest/KuroTask_AutoTest/Content/StarterContent/Materials/M_Concrete_Panels.uexp" 1115
"D:/KuroProject/AutoTest/KuroTask_AutoTest/Content/StarterContent/Textures/T_Concrete_Grime_D.uasset" 1116
"D:/KuroProject/AutoTest/KuroTask_AutoTest/Content/StarterContent/Textures/T_Concrete_Grime_D.uexp" 1117
"D:/KuroProject/AutoTest/KuroTask_AutoTest/Content/StarterContent/Textures/T_Concrete_Grime_D.ubulk" 1118
"D:/KuroProject/AutoTest/KuroTask_AutoTest/Content/StarterContent/Materials/M_Concrete_Grime.uasset" 1119
"D:/KuroProject/AutoTest/KuroTask_AutoTest/Content/StarterContent/Materials/M_Concrete_Grime.uexp" 1120
"D:/KuroProject/AutoTest/KuroTask_AutoTest/Content/StarterContent/Textures/T_CobbleStone_Smooth_N.uasset" 1121
"D:/KuroProject/AutoTest/KuroTask_AutoTest/Content/StarterContent/Textures/T_CobbleStone_Smooth_N.uexp" 1122
"D:/KuroProject/AutoTest/KuroTask_AutoTest/Content/StarterContent/Textures/T_CobbleStone_Smooth_N.ubulk" 1123
"D:/KuroProject/AutoTest/KuroTask_AutoTest/Content/StarterContent/Textures/T_CobbleStone_Smooth_M.uasset" 1124
"D:/KuroProject/AutoTest/KuroTask_AutoTest/Content/StarterContent/Textures/T_CobbleStone_Smooth_M.uexp" 1125
"D:/KuroProject/AutoTest/KuroTask_AutoTest/Content/StarterContent/Textures/T_CobbleStone_Smooth_M.ubulk" 1126
"D:/KuroProject/AutoTest/KuroTask_AutoTest/Content/StarterContent/Textures/T_CobbleStone_Smooth_D.uasset" 1127
"D:/KuroProject/AutoTest/KuroTask_AutoTest/Content/StarterContent/Textures/T_CobbleStone_Smooth_D.uexp" 1128
"D:/KuroProject/AutoTest/KuroTask_AutoTest/Content/StarterContent/Textures/T_CobbleStone_Smooth_D.ubulk" 1129
"D:/KuroProject/AutoTest/KuroTask_AutoTest/Content/StarterContent/Textures/T_Rock_Smooth_Granite_D.uasset" 1130
"D:/KuroProject/AutoTest/KuroTask_AutoTest/Content/StarterContent/Textures/T_Rock_Smooth_Granite_D.uexp" 1131
"D:/KuroProject/AutoTest/KuroTask_AutoTest/Content/StarterContent/Textures/T_Rock_Smooth_Granite_D.ubulk" 1132
"D:/KuroProject/AutoTest/KuroTask_AutoTest/Content/StarterContent/Textures/T_Gradinet_01.uasset" 1133
"D:/KuroProject/AutoTest/KuroTask_AutoTest/Content/StarterContent/Textures/T_Gradinet_01.uexp" 1134
"D:/KuroProject/AutoTest/KuroTask_AutoTest/Content/StarterContent/Textures/T_Gradinet_01.ubulk" 1135
"D:/KuroProject/AutoTest/KuroTask_AutoTest/Content/StarterContent/Materials/M_CobbleStone_Smooth.uasset" 1136
"D:/KuroProject/AutoTest/KuroTask_AutoTest/Content/StarterContent/Materials/M_CobbleStone_Smooth.uexp" 1137
"D:/KuroProject/AutoTest/KuroTask_AutoTest/Content/StarterContent/Textures/T_CobbleStone_Rough_N.uasset" 1138
"D:/KuroProject/AutoTest/KuroTask_AutoTest/Content/StarterContent/Textures/T_CobbleStone_Rough_N.uexp" 1139
"D:/KuroProject/AutoTest/KuroTask_AutoTest/Content/StarterContent/Textures/T_CobbleStone_Rough_N.ubulk" 1140
"D:/KuroProject/AutoTest/KuroTask_AutoTest/Content/StarterContent/Textures/T_CobbleStone_Rough_D.uasset" 1141
"D:/KuroProject/AutoTest/KuroTask_AutoTest/Content/StarterContent/Textures/T_CobbleStone_Rough_D.uexp" 1142
"D:/KuroProject/AutoTest/KuroTask_AutoTest/Content/StarterContent/Textures/T_CobbleStone_Rough_D.ubulk" 1143
"D:/KuroProject/AutoTest/KuroTask_AutoTest/Content/StarterContent/Materials/M_CobbleStone_Rough.uasset" 1144
"D:/KuroProject/AutoTest/KuroTask_AutoTest/Content/StarterContent/Materials/M_CobbleStone_Rough.uexp" 1145
"D:/KuroProject/AutoTest/KuroTask_AutoTest/Content/StarterContent/Textures/T_CobbleStone_Pebble_N.uasset" 1146
"D:/KuroProject/AutoTest/KuroTask_AutoTest/Content/StarterContent/Textures/T_CobbleStone_Pebble_N.uexp" 1147
"D:/KuroProject/AutoTest/KuroTask_AutoTest/Content/StarterContent/Textures/T_CobbleStone_Pebble_N.ubulk" 1148
"D:/KuroProject/AutoTest/KuroTask_AutoTest/Content/StarterContent/Textures/T_CobbleStone_Pebble_M.uasset" 1149
"D:/KuroProject/AutoTest/KuroTask_AutoTest/Content/StarterContent/Textures/T_CobbleStone_Pebble_M.uexp" 1150
"D:/KuroProject/AutoTest/KuroTask_AutoTest/Content/StarterContent/Textures/T_CobbleStone_Pebble_M.ubulk" 1151
"D:/KuroProject/AutoTest/KuroTask_AutoTest/Content/StarterContent/Textures/T_CobbleStone_Pebble_D.uasset" 1152
"D:/KuroProject/AutoTest/KuroTask_AutoTest/Content/StarterContent/Textures/T_CobbleStone_Pebble_D.uexp" 1153
"D:/KuroProject/AutoTest/KuroTask_AutoTest/Content/StarterContent/Textures/T_CobbleStone_Pebble_D.ubulk" 1154
"D:/KuroProject/AutoTest/KuroTask_AutoTest/Content/StarterContent/Materials/M_CobbleStone_Pebble.uasset" 1155
"D:/KuroProject/AutoTest/KuroTask_AutoTest/Content/StarterContent/Materials/M_CobbleStone_Pebble.uexp" 1156
"D:/KuroProject/AutoTest/KuroTask_AutoTest/Content/StarterContent/Textures/T_Ceramic_Tile_N.uasset" 1157
"D:/KuroProject/AutoTest/KuroTask_AutoTest/Content/StarterContent/Textures/T_Ceramic_Tile_N.uexp" 1158
"D:/KuroProject/AutoTest/KuroTask_AutoTest/Content/StarterContent/Textures/T_Ceramic_Tile_N.ubulk" 1159
"D:/KuroProject/AutoTest/KuroTask_AutoTest/Content/StarterContent/Textures/T_Ceramic_Tile_M.uasset" 1160
"D:/KuroProject/AutoTest/KuroTask_AutoTest/Content/StarterContent/Textures/T_Ceramic_Tile_M.uexp" 1161
"D:/KuroProject/AutoTest/KuroTask_AutoTest/Content/StarterContent/Textures/T_Ceramic_Tile_M.ubulk" 1162
"D:/KuroProject/AutoTest/KuroTask_AutoTest/Content/StarterContent/Materials/M_Ceramic_Tile_Checker.uasset" 1163
"D:/KuroProject/AutoTest/KuroTask_AutoTest/Content/StarterContent/Materials/M_Ceramic_Tile_Checker.uexp" 1164
"D:/KuroProject/AutoTest/KuroTask_AutoTest/Content/StarterContent/Textures/T_Brick_Hewn_Stone_N.uasset" 1165
"D:/KuroProject/AutoTest/KuroTask_AutoTest/Content/StarterContent/Textures/T_Brick_Hewn_Stone_N.uexp" 1166
"D:/KuroProject/AutoTest/KuroTask_AutoTest/Content/StarterContent/Textures/T_Brick_Hewn_Stone_N.ubulk" 1167
"D:/KuroProject/AutoTest/KuroTask_AutoTest/Content/StarterContent/Textures/T_Brick_Hewn_Stone_M.uasset" 1168
"D:/KuroProject/AutoTest/KuroTask_AutoTest/Content/StarterContent/Textures/T_Brick_Hewn_Stone_M.uexp" 1169
"D:/KuroProject/AutoTest/KuroTask_AutoTest/Content/StarterContent/Textures/T_Brick_Hewn_Stone_M.ubulk" 1170
"D:/KuroProject/AutoTest/KuroTask_AutoTest/Content/StarterContent/Textures/T_Brick_Hewn_Stone_D.uasset" 1171
"D:/KuroProject/AutoTest/KuroTask_AutoTest/Content/StarterContent/Textures/T_Brick_Hewn_Stone_D.uexp" 1172
"D:/KuroProject/AutoTest/KuroTask_AutoTest/Content/StarterContent/Textures/T_Brick_Hewn_Stone_D.ubulk" 1173
"D:/KuroProject/AutoTest/KuroTask_AutoTest/Content/StarterContent/Materials/M_Brick_Hewn_Stone.uasset" 1174
"D:/KuroProject/AutoTest/KuroTask_AutoTest/Content/StarterContent/Materials/M_Brick_Hewn_Stone.uexp" 1175
"D:/KuroProject/AutoTest/KuroTask_AutoTest/Content/StarterContent/Textures/T_Brick_Cut_Stone_N.uasset" 1176
"D:/KuroProject/AutoTest/KuroTask_AutoTest/Content/StarterContent/Textures/T_Brick_Cut_Stone_N.uexp" 1177
"D:/KuroProject/AutoTest/KuroTask_AutoTest/Content/StarterContent/Textures/T_Brick_Cut_Stone_N.ubulk" 1178
"D:/KuroProject/AutoTest/KuroTask_AutoTest/Content/StarterContent/Textures/T_Brick_Cut_Stone_D.uasset" 1179
"D:/KuroProject/AutoTest/KuroTask_AutoTest/Content/StarterContent/Textures/T_Brick_Cut_Stone_D.uexp" 1180
"D:/KuroProject/AutoTest/KuroTask_AutoTest/Content/StarterContent/Textures/T_Brick_Cut_Stone_D.ubulk" 1181
"D:/KuroProject/AutoTest/KuroTask_AutoTest/Content/StarterContent/Materials/M_Brick_Cut_Stone.uasset" 1182
"D:/KuroProject/AutoTest/KuroTask_AutoTest/Content/StarterContent/Materials/M_Brick_Cut_Stone.uexp" 1183
"D:/KuroProject/AutoTest/KuroTask_AutoTest/Content/StarterContent/Textures/T_Brick_Clay_Old_N.uasset" 1184
"D:/KuroProject/AutoTest/KuroTask_AutoTest/Content/StarterContent/Textures/T_Brick_Clay_Old_N.uexp" 1185
"D:/KuroProject/AutoTest/KuroTask_AutoTest/Content/StarterContent/Textures/T_Brick_Clay_Old_N.ubulk" 1186
"D:/KuroProject/AutoTest/KuroTask_AutoTest/Content/StarterContent/Textures/T_Brick_Clay_Old_D.uasset" 1187
"D:/KuroProject/AutoTest/KuroTask_AutoTest/Content/StarterContent/Textures/T_Brick_Clay_Old_D.uexp" 1188
"D:/KuroProject/AutoTest/KuroTask_AutoTest/Content/StarterContent/Textures/T_Brick_Clay_Old_D.ubulk" 1189
"D:/KuroProject/AutoTest/KuroTask_AutoTest/Content/StarterContent/Materials/M_Brick_Clay_Old.uasset" 1190
"D:/KuroProject/AutoTest/KuroTask_AutoTest/Content/StarterContent/Materials/M_Brick_Clay_Old.uexp" 1191
"D:/KuroProject/AutoTest/KuroTask_AutoTest/Content/StarterContent/Textures/T_Brick_Clay_New_N.uasset" 1192
"D:/KuroProject/AutoTest/KuroTask_AutoTest/Content/StarterContent/Textures/T_Brick_Clay_New_N.uexp" 1193
"D:/KuroProject/AutoTest/KuroTask_AutoTest/Content/StarterContent/Textures/T_Brick_Clay_New_M.uasset" 1194
"D:/KuroProject/AutoTest/KuroTask_AutoTest/Content/StarterContent/Textures/T_Brick_Clay_New_M.uexp" 1195
"D:/KuroProject/AutoTest/KuroTask_AutoTest/Content/StarterContent/Textures/T_Brick_Clay_New_D.uasset" 1196
"D:/KuroProject/AutoTest/KuroTask_AutoTest/Content/StarterContent/Textures/T_Brick_Clay_New_D.uexp" 1197
"D:/KuroProject/AutoTest/KuroTask_AutoTest/Content/StarterContent/Textures/T_Brick_Clay_New_D.ubulk" 1198
"D:/KuroProject/AutoTest/KuroTask_AutoTest/Content/StarterContent/Materials/M_Brick_Clay_New.uasset" 1199
"D:/KuroProject/AutoTest/KuroTask_AutoTest/Content/StarterContent/Materials/M_Brick_Clay_New.uexp" 1200
"D:/KuroProject/AutoTest/KuroTask_AutoTest/Content/StarterContent/Textures/T_Brick_Clay_Beveled_N.uasset" 1201
"D:/KuroProject/AutoTest/KuroTask_AutoTest/Content/StarterContent/Textures/T_Brick_Clay_Beveled_N.uexp" 1202
"D:/KuroProject/AutoTest/KuroTask_AutoTest/Content/StarterContent/Textures/T_Brick_Clay_Beveled_N.ubulk" 1203
"D:/KuroProject/AutoTest/KuroTask_AutoTest/Content/StarterContent/Textures/T_Brick_Clay_Beveled_M.uasset" 1204
"D:/KuroProject/AutoTest/KuroTask_AutoTest/Content/StarterContent/Textures/T_Brick_Clay_Beveled_M.uexp" 1205
"D:/KuroProject/AutoTest/KuroTask_AutoTest/Content/StarterContent/Textures/T_Brick_Clay_Beveled_M.ubulk" 1206
"D:/KuroProject/AutoTest/KuroTask_AutoTest/Content/StarterContent/Textures/T_Brick_Clay_Beveled_D.uasset" 1207
"D:/KuroProject/AutoTest/KuroTask_AutoTest/Content/StarterContent/Textures/T_Brick_Clay_Beveled_D.uexp" 1208
"D:/KuroProject/AutoTest/KuroTask_AutoTest/Content/StarterContent/Textures/T_Brick_Clay_Beveled_D.ubulk" 1209
"D:/KuroProject/AutoTest/KuroTask_AutoTest/Content/StarterContent/Materials/M_Brick_Clay_Beveled.uasset" 1210
"D:/KuroProject/AutoTest/KuroTask_AutoTest/Content/StarterContent/Materials/M_Brick_Clay_Beveled.uexp" 1211
"../../../Engine/Content/Functions/Engine_MaterialFunctions03/Procedurals/ComputeFilterWidth.uasset" 1212
"../../../Engine/Content/Functions/Engine_MaterialFunctions03/Procedurals/ComputeFilterWidth.uexp" 1213
"../../../Engine/Content/EngineMaterials/AntiAliasedTextMaterialTranslucent.uasset" 1214
"../../../Engine/Content/EngineMaterials/AntiAliasedTextMaterialTranslucent.uexp" 1215
"D:/KuroProject/AutoTest/KuroTask_AutoTest/Content/StarterContent/Maps/StarterMap_BuiltData.uasset" 1216
"D:/KuroProject/AutoTest/KuroTask_AutoTest/Content/StarterContent/Maps/StarterMap_BuiltData.uexp" 1217
"D:/KuroProject/AutoTest/KuroTask_AutoTest/Content/StarterContent/Maps/StarterMap_BuiltData.ubulk" 1218
"D:/KuroProject/AutoTest/KuroTask_AutoTest/Content/StarterContent/Textures/T_Concrete_Poured_N.uasset" 1219
"D:/KuroProject/AutoTest/KuroTask_AutoTest/Content/StarterContent/Textures/T_Concrete_Poured_N.uexp" 1220
"D:/KuroProject/AutoTest/KuroTask_AutoTest/Content/StarterContent/Textures/T_Concrete_Poured_N.ubulk" 1221
"D:/KuroProject/AutoTest/KuroTask_AutoTest/Content/StarterContent/Textures/T_Concrete_Poured_D.uasset" 1222
"D:/KuroProject/AutoTest/KuroTask_AutoTest/Content/StarterContent/Textures/T_Concrete_Poured_D.uexp" 1223
"D:/KuroProject/AutoTest/KuroTask_AutoTest/Content/StarterContent/Textures/T_Concrete_Poured_D.ubulk" 1224
"D:/KuroProject/AutoTest/KuroTask_AutoTest/Content/StarterContent/Materials/M_Concrete_Poured.uasset" 1225
"D:/KuroProject/AutoTest/KuroTask_AutoTest/Content/StarterContent/Materials/M_Concrete_Poured.uexp" 1226
"D:/KuroProject/AutoTest/KuroTask_AutoTest/Content/StarterContent/Textures/T_Lamp_N.uasset" 1227
"D:/KuroProject/AutoTest/KuroTask_AutoTest/Content/StarterContent/Textures/T_Lamp_N.uexp" 1228
"D:/KuroProject/AutoTest/KuroTask_AutoTest/Content/StarterContent/Textures/T_Lamp_N.ubulk" 1229
"D:/KuroProject/AutoTest/KuroTask_AutoTest/Content/StarterContent/Textures/T_Lamp_M.uasset" 1230
"D:/KuroProject/AutoTest/KuroTask_AutoTest/Content/StarterContent/Textures/T_Lamp_M.uexp" 1231
"D:/KuroProject/AutoTest/KuroTask_AutoTest/Content/StarterContent/Textures/T_Lamp_M.ubulk" 1232
"D:/KuroProject/AutoTest/KuroTask_AutoTest/Content/StarterContent/Props/Materials/M_Lamp.uasset" 1233
"D:/KuroProject/AutoTest/KuroTask_AutoTest/Content/StarterContent/Props/Materials/M_Lamp.uexp" 1234
"D:/KuroProject/AutoTest/KuroTask_AutoTest/Content/StarterContent/Props/SM_Lamp_Wall.uasset" 1235
"D:/KuroProject/AutoTest/KuroTask_AutoTest/Content/StarterContent/Props/SM_Lamp_Wall.uexp" 1236
"D:/KuroProject/AutoTest/KuroTask_AutoTest/Content/StarterContent/Blueprints/Blueprint_WallSconce.uasset" 1237
"D:/KuroProject/AutoTest/KuroTask_AutoTest/Content/StarterContent/Blueprints/Blueprint_WallSconce.uexp" 1238
"D:/KuroProject/AutoTest/KuroTask_AutoTest/Content/StarterContent/Particles/P_Steam_Lit.uasset" 1239
"D:/KuroProject/AutoTest/KuroTask_AutoTest/Content/StarterContent/Particles/P_Steam_Lit.uexp" 1240
"D:/KuroProject/AutoTest/KuroTask_AutoTest/Content/StarterContent/Audio/Steam01_Cue.uasset" 1241
"D:/KuroProject/AutoTest/KuroTask_AutoTest/Content/StarterContent/Audio/Steam01_Cue.uexp" 1242
"D:/KuroProject/AutoTest/KuroTask_AutoTest/Content/StarterContent/Blueprints/Blueprint_Effect_Steam.uasset" 1243
"D:/KuroProject/AutoTest/KuroTask_AutoTest/Content/StarterContent/Blueprints/Blueprint_Effect_Steam.uexp" 1244
"D:/KuroProject/AutoTest/KuroTask_AutoTest/Content/StarterContent/Textures/T_Spark_Core.uasset" 1245
"D:/KuroProject/AutoTest/KuroTask_AutoTest/Content/StarterContent/Textures/T_Spark_Core.uexp" 1246
"D:/KuroProject/AutoTest/KuroTask_AutoTest/Content/StarterContent/Textures/T_Spark_Core.ubulk" 1247
"D:/KuroProject/AutoTest/KuroTask_AutoTest/Content/StarterContent/Particles/Materials/M_Spark.uasset" 1248
"D:/KuroProject/AutoTest/KuroTask_AutoTest/Content/StarterContent/Particles/Materials/M_Spark.uexp" 1249
"D:/KuroProject/AutoTest/KuroTask_AutoTest/Content/StarterContent/Particles/Materials/M_Radial_Gradient.uasset" 1250
"D:/KuroProject/AutoTest/KuroTask_AutoTest/Content/StarterContent/Particles/Materials/M_Radial_Gradient.uexp" 1251
"D:/KuroProject/AutoTest/KuroTask_AutoTest/Content/StarterContent/Particles/P_Sparks.uasset" 1252
"D:/KuroProject/AutoTest/KuroTask_AutoTest/Content/StarterContent/Particles/P_Sparks.uexp" 1253
"D:/KuroProject/AutoTest/KuroTask_AutoTest/Content/StarterContent/Audio/Fire_Sparks01_Cue.uasset" 1254
"D:/KuroProject/AutoTest/KuroTask_AutoTest/Content/StarterContent/Audio/Fire_Sparks01_Cue.uexp" 1255
"D:/KuroProject/AutoTest/KuroTask_AutoTest/Content/StarterContent/Blueprints/Blueprint_Effect_Sparks.uasset" 1256
"D:/KuroProject/AutoTest/KuroTask_AutoTest/Content/StarterContent/Blueprints/Blueprint_Effect_Sparks.uexp" 1257
"D:/KuroProject/AutoTest/KuroTask_AutoTest/Content/StarterContent/Particles/P_Smoke.uasset" 1258
"D:/KuroProject/AutoTest/KuroTask_AutoTest/Content/StarterContent/Particles/P_Smoke.uexp" 1259
"D:/KuroProject/AutoTest/KuroTask_AutoTest/Content/StarterContent/Audio/Smoke01_Cue.uasset" 1260
"D:/KuroProject/AutoTest/KuroTask_AutoTest/Content/StarterContent/Audio/Smoke01_Cue.uexp" 1261
"D:/KuroProject/AutoTest/KuroTask_AutoTest/Content/StarterContent/Blueprints/Blueprint_Effect_Smoke.uasset" 1262
"D:/KuroProject/AutoTest/KuroTask_AutoTest/Content/StarterContent/Blueprints/Blueprint_Effect_Smoke.uexp" 1263
"D:/KuroProject/AutoTest/KuroTask_AutoTest/Content/StarterContent/Particles/Materials/M_Heat_Distortion.uasset" 1264
"D:/KuroProject/AutoTest/KuroTask_AutoTest/Content/StarterContent/Particles/Materials/M_Heat_Distortion.uexp" 1265
"D:/KuroProject/AutoTest/KuroTask_AutoTest/Content/StarterContent/Textures/T_Fire_Tiled_D.uasset" 1266
"D:/KuroProject/AutoTest/KuroTask_AutoTest/Content/StarterContent/Textures/T_Fire_Tiled_D.uexp" 1267
"D:/KuroProject/AutoTest/KuroTask_AutoTest/Content/StarterContent/Textures/T_Fire_Tiled_D.ubulk" 1268
"D:/KuroProject/AutoTest/KuroTask_AutoTest/Content/StarterContent/Textures/T_Fire_SubUV.uasset" 1269
"D:/KuroProject/AutoTest/KuroTask_AutoTest/Content/StarterContent/Textures/T_Fire_SubUV.uexp" 1270
"D:/KuroProject/AutoTest/KuroTask_AutoTest/Content/StarterContent/Textures/T_Fire_SubUV.ubulk" 1271
"D:/KuroProject/AutoTest/KuroTask_AutoTest/Content/StarterContent/Particles/Materials/M_Fire_SubUV.uasset" 1272
"D:/KuroProject/AutoTest/KuroTask_AutoTest/Content/StarterContent/Particles/Materials/M_Fire_SubUV.uexp" 1273
"D:/KuroProject/AutoTest/KuroTask_AutoTest/Content/StarterContent/Particles/P_Fire.uasset" 1274
"D:/KuroProject/AutoTest/KuroTask_AutoTest/Content/StarterContent/Particles/P_Fire.uexp" 1275
"D:/KuroProject/AutoTest/KuroTask_AutoTest/Content/StarterContent/Audio/Fire01_Cue.uasset" 1276
"D:/KuroProject/AutoTest/KuroTask_AutoTest/Content/StarterContent/Audio/Fire01_Cue.uexp" 1277
"D:/KuroProject/AutoTest/KuroTask_AutoTest/Content/StarterContent/Blueprints/Blueprint_Effect_Fire.uasset" 1278
"D:/KuroProject/AutoTest/KuroTask_AutoTest/Content/StarterContent/Blueprints/Blueprint_Effect_Fire.uexp" 1279
"D:/KuroProject/AutoTest/KuroTask_AutoTest/Content/StarterContent/Props/SM_Lamp_Ceiling.uasset" 1280
"D:/KuroProject/AutoTest/KuroTask_AutoTest/Content/StarterContent/Props/SM_Lamp_Ceiling.uexp" 1281
"D:/KuroProject/AutoTest/KuroTask_AutoTest/Content/StarterContent/Blueprints/Blueprint_CeilingLight.uasset" 1282
"D:/KuroProject/AutoTest/KuroTask_AutoTest/Content/StarterContent/Blueprints/Blueprint_CeilingLight.uexp" 1283
"D:/KuroProject/AutoTest/KuroTask_AutoTest/Content/StarterContent/Audio/Starter_Music_Cue.uasset" 1284
"D:/KuroProject/AutoTest/KuroTask_AutoTest/Content/StarterContent/Audio/Starter_Music_Cue.uexp" 1285
"D:/KuroProject/AutoTest/KuroTask_AutoTest/Content/StarterContent/Audio/Collapse_Cue.uasset" 1286
"D:/KuroProject/AutoTest/KuroTask_AutoTest/Content/StarterContent/Audio/Collapse_Cue.uexp" 1287
"D:/KuroProject/AutoTest/KuroTask_AutoTest/Content/StarterContent/Architecture/Wall_Window_400x300.uasset" 1288
"D:/KuroProject/AutoTest/KuroTask_AutoTest/Content/StarterContent/Architecture/Wall_Window_400x300.uexp" 1289
"D:/KuroProject/AutoTest/KuroTask_AutoTest/Content/StarterContent/Architecture/Wall_Door_400x300.uasset" 1290
"D:/KuroProject/AutoTest/KuroTask_AutoTest/Content/StarterContent/Architecture/Wall_Door_400x300.uexp" 1291
"D:/KuroProject/AutoTest/KuroTask_AutoTest/Content/StarterContent/Architecture/Wall_400x200.uasset" 1292
"D:/KuroProject/AutoTest/KuroTask_AutoTest/Content/StarterContent/Architecture/Wall_400x200.uexp" 1293
"D:/KuroProject/AutoTest/KuroTask_AutoTest/Content/StarterContent/Maps/StarterMap.uexp" 1294
"D:/KuroProject/AutoTest/KuroTask_AutoTest/Content/StarterContent/Maps/StarterMap.umap" 1295
"D:/KuroProject/AutoTest/KuroTask_AutoTest/Content/ThirdPersonCPP/Maps/ThirdPersonExampleMap_BuiltData.uasset" 1296
"D:/KuroProject/AutoTest/KuroTask_AutoTest/Content/ThirdPersonCPP/Maps/ThirdPersonExampleMap_BuiltData.uexp" 1297
"D:/KuroProject/AutoTest/KuroTask_AutoTest/Content/ThirdPersonCPP/Maps/ThirdPersonExampleMap_BuiltData.ubulk" 1298
"D:/KuroProject/AutoTest/KuroTask_AutoTest/Content/Mannequin/Character/Mesh/SK_Mannequin_PhysicsAsset.uasset" 1299
"D:/KuroProject/AutoTest/KuroTask_AutoTest/Content/Mannequin/Character/Mesh/SK_Mannequin_PhysicsAsset.uexp" 1300
"D:/KuroProject/AutoTest/KuroTask_AutoTest/Content/Mannequin/Character/Mesh/SK_Mannequin.uasset" 1301
"D:/KuroProject/AutoTest/KuroTask_AutoTest/Content/Mannequin/Character/Mesh/SK_Mannequin.uexp" 1302
"D:/KuroProject/AutoTest/KuroTask_AutoTest/Content/Mannequin/Animations/ThirdPersonJump_Loop.uasset" 1303
"D:/KuroProject/AutoTest/KuroTask_AutoTest/Content/Mannequin/Animations/ThirdPersonJump_Loop.uexp" 1304
"D:/KuroProject/AutoTest/KuroTask_AutoTest/Content/Mannequin/Animations/ThirdPersonJump_Start.uasset" 1305
"D:/KuroProject/AutoTest/KuroTask_AutoTest/Content/Mannequin/Animations/ThirdPersonJump_Start.uexp" 1306
"D:/KuroProject/AutoTest/KuroTask_AutoTest/Content/Mannequin/Animations/ThirdPersonRun.uasset" 1307
"D:/KuroProject/AutoTest/KuroTask_AutoTest/Content/Mannequin/Animations/ThirdPersonRun.uexp" 1308
"D:/KuroProject/AutoTest/KuroTask_AutoTest/Content/Mannequin/Animations/ThirdPersonIdle.uasset" 1309
"D:/KuroProject/AutoTest/KuroTask_AutoTest/Content/Mannequin/Animations/ThirdPersonIdle.uexp" 1310
"D:/KuroProject/AutoTest/KuroTask_AutoTest/Content/Mannequin/Animations/ThirdPersonWalk.uasset" 1311
"D:/KuroProject/AutoTest/KuroTask_AutoTest/Content/Mannequin/Animations/ThirdPersonWalk.uexp" 1312
"D:/KuroProject/AutoTest/KuroTask_AutoTest/Content/Mannequin/Animations/ThirdPerson_IdleRun_2D.uasset" 1313
"D:/KuroProject/AutoTest/KuroTask_AutoTest/Content/Mannequin/Animations/ThirdPerson_IdleRun_2D.uexp" 1314
"D:/KuroProject/AutoTest/KuroTask_AutoTest/Content/Mannequin/Animations/ThirdPerson_Jump.uasset" 1315
"D:/KuroProject/AutoTest/KuroTask_AutoTest/Content/Mannequin/Animations/ThirdPerson_Jump.uexp" 1316
"D:/KuroProject/AutoTest/KuroTask_AutoTest/Content/Mannequin/Animations/ThirdPerson_AnimBP.uasset" 1317
"D:/KuroProject/AutoTest/KuroTask_AutoTest/Content/Mannequin/Animations/ThirdPerson_AnimBP.uexp" 1318
"D:/KuroProject/AutoTest/KuroTask_AutoTest/Content/ThirdPersonCPP/Blueprints/ThirdPersonCharacter.uasset" 1319
"D:/KuroProject/AutoTest/KuroTask_AutoTest/Content/ThirdPersonCPP/Blueprints/ThirdPersonCharacter.uexp" 1320
"D:/KuroProject/AutoTest/KuroTask_AutoTest/Content/ThirdPerson/Meshes/RampMaterial.uasset" 1321
"D:/KuroProject/AutoTest/KuroTask_AutoTest/Content/ThirdPerson/Meshes/RampMaterial.uexp" 1322
"D:/KuroProject/AutoTest/KuroTask_AutoTest/Content/ThirdPerson/Meshes/RightArm_StaticMesh.uasset" 1323
"D:/KuroProject/AutoTest/KuroTask_AutoTest/Content/ThirdPerson/Meshes/RightArm_StaticMesh.uexp" 1324
"D:/KuroProject/AutoTest/KuroTask_AutoTest/Content/ThirdPerson/Meshes/Ramp_StaticMesh.uasset" 1325
"D:/KuroProject/AutoTest/KuroTask_AutoTest/Content/ThirdPerson/Meshes/Ramp_StaticMesh.uexp" 1326
"D:/KuroProject/AutoTest/KuroTask_AutoTest/Content/ThirdPerson/Meshes/Linear_Stair_StaticMesh.uasset" 1327
"D:/KuroProject/AutoTest/KuroTask_AutoTest/Content/ThirdPerson/Meshes/Linear_Stair_StaticMesh.uexp" 1328
"D:/KuroProject/AutoTest/KuroTask_AutoTest/Content/ThirdPerson/Meshes/LeftArm_StaticMesh.uasset" 1329
"D:/KuroProject/AutoTest/KuroTask_AutoTest/Content/ThirdPerson/Meshes/LeftArm_StaticMesh.uexp" 1330
"D:/KuroProject/AutoTest/KuroTask_AutoTest/Content/ThirdPerson/Meshes/Bump_StaticMesh.uasset" 1331
"D:/KuroProject/AutoTest/KuroTask_AutoTest/Content/ThirdPerson/Meshes/Bump_StaticMesh.uexp" 1332
"D:/KuroProject/AutoTest/KuroTask_AutoTest/Content/Geometry/Meshes/CubeMaterial.uasset" 1333
"D:/KuroProject/AutoTest/KuroTask_AutoTest/Content/Geometry/Meshes/CubeMaterial.uexp" 1334
"D:/KuroProject/AutoTest/KuroTask_AutoTest/Content/Geometry/Meshes/1M_Cube_Chamfer.uasset" 1335
"D:/KuroProject/AutoTest/KuroTask_AutoTest/Content/Geometry/Meshes/1M_Cube_Chamfer.uexp" 1336
"D:/KuroProject/AutoTest/KuroTask_AutoTest/Content/Geometry/Meshes/TemplateFloor.uasset" 1337
"D:/KuroProject/AutoTest/KuroTask_AutoTest/Content/Geometry/Meshes/TemplateFloor.uexp" 1338
"D:/KuroProject/AutoTest/KuroTask_AutoTest/Content/Geometry/Meshes/1M_Cube.uasset" 1339
"D:/KuroProject/AutoTest/KuroTask_AutoTest/Content/Geometry/Meshes/1M_Cube.uexp" 1340
"D:/KuroProject/AutoTest/KuroTask_AutoTest/Content/ThirdPersonCPP/Maps/ThirdPersonExampleMap.uexp" 1341
"D:/KuroProject/AutoTest/KuroTask_AutoTest/Content/ThirdPersonCPP/Maps/ThirdPersonExampleMap.umap" 1342
"../../../Engine/Content/Maps/Entry_BuiltData.uasset" 1343
"../../../Engine/Content/Maps/Entry_BuiltData.uexp" 1344
"../../../Engine/Content/Maps/Entry.uexp" 1345
"../../../Engine/Content/Maps/Entry.umap" 1346
